"value","code","question"
1,"NO TEXT","ResponseID"
1,"Adults","xdemAll"
1,"NO TEXT","demZIP"
1,"Yes, strongly","BPCdem1"
2,"Yes, with some minor reservations","BPCdem1"
3,"Sometimes, but I have major reservations","BPCdem1"
4,"No, not at all","BPCdem1"
5,"Don't know / No opinion","BPCdem1"
1,"Yes, strongly","BPCdem2"
2,"Yes, with some minor reservations","BPCdem2"
3,"Sometimes, but I have major reservations","BPCdem2"
4,"No, not at all","BPCdem2"
5,"Don't know / No opinion","BPCdem2"
1,"1 - Definitely will not vote","BPCdem3"
2,"2","BPCdem3"
3,"3","BPCdem3"
4,"4","BPCdem3"
5,"5","BPCdem3"
6,"6","BPCdem3"
7,"7","BPCdem3"
8,"8","BPCdem3"
9,"9","BPCdem3"
10,"10 - Definitely will vote","BPCdem3"
11,"Don't know / No opinion","BPCdem3"
1,"Only around major election dates or deadlines (e.g. Voter registration deadlines, Election Day)","BPC1_1"
2,"A few times in the weeks around major election dates or deadlines","BPC1_1"
3,"Regularly in the weeks around major election dates or deadlines","BPC1_1"
4,"Consistently throughout the year","BPC1_1"
5,"Never","BPC1_1"
1,"Only around major election dates or deadlines (e.g. Voter registration deadlines, Election Day)","BPC1_2"
2,"A few times in the weeks around major election dates or deadlines","BPC1_2"
3,"Regularly in the weeks around major election dates or deadlines","BPC1_2"
4,"Consistently throughout the year","BPC1_2"
5,"Never","BPC1_2"
1,"Only around major election dates or deadlines (e.g. Voter registration deadlines, Election Day)","BPC1_3"
2,"A few times in the weeks around major election dates or deadlines","BPC1_3"
3,"Regularly in the weeks around major election dates or deadlines","BPC1_3"
4,"Consistently throughout the year","BPC1_3"
5,"Never","BPC1_3"
1,"Selected","BPC2_1"
2,"Not Selected","BPC2_1"
1,"Selected","BPC2_4"
2,"Not Selected","BPC2_4"
1,"Selected","BPC2_2"
2,"Not Selected","BPC2_2"
1,"Selected","BPC2_5"
2,"Not Selected","BPC2_5"
1,"Selected","BPC2_3"
2,"Not Selected","BPC2_3"
1,"Selected","BPC2_6"
2,"Not Selected","BPC2_6"
1,"Selected","BPC2_7"
2,"Not Selected","BPC2_7"
1,"Selected","BPC2_8"
2,"Not Selected","BPC2_8"
1,"Selected","BPC2_9"
2,"Not Selected","BPC2_9"
1,"Selected","BPC2_10"
2,"Not Selected","BPC2_10"
1,"Selected","BPC2_11"
2,"Not Selected","BPC2_11"
1,"Selected","BPC2_12"
2,"Not Selected","BPC2_12"
1,"Selected","BPC2_13"
2,"Not Selected","BPC2_13"
1,"Selected","BPC2_14"
2,"Not Selected","BPC2_14"
1,"Selected","BPC2_15"
2,"Not Selected","BPC2_15"
1,"Rank 1","BPC2a_1"
2,"Rank 2","BPC2a_1"
3,"Rank 3","BPC2a_1"
4,"Rank 4","BPC2a_1"
5,"Rank 5","BPC2a_1"
6,"Rank 6","BPC2a_1"
7,"Rank 7","BPC2a_1"
8,"Rank 8","BPC2a_1"
9,"Rank 9","BPC2a_1"
10,"Rank 10","BPC2a_1"
11,"Rank 11","BPC2a_1"
12,"Rank 12","BPC2a_1"
1,"Rank 1","BPC2a_2"
2,"Rank 2","BPC2a_2"
3,"Rank 3","BPC2a_2"
4,"Rank 4","BPC2a_2"
5,"Rank 5","BPC2a_2"
6,"Rank 6","BPC2a_2"
7,"Rank 7","BPC2a_2"
8,"Rank 8","BPC2a_2"
9,"Rank 9","BPC2a_2"
10,"Rank 10","BPC2a_2"
11,"Rank 11","BPC2a_2"
12,"Rank 12","BPC2a_2"
1,"Rank 1","BPC2a_3"
2,"Rank 2","BPC2a_3"
3,"Rank 3","BPC2a_3"
4,"Rank 4","BPC2a_3"
5,"Rank 5","BPC2a_3"
6,"Rank 6","BPC2a_3"
7,"Rank 7","BPC2a_3"
8,"Rank 8","BPC2a_3"
9,"Rank 9","BPC2a_3"
10,"Rank 10","BPC2a_3"
11,"Rank 11","BPC2a_3"
12,"Rank 12","BPC2a_3"
1,"Rank 1","BPC2a_4"
2,"Rank 2","BPC2a_4"
3,"Rank 3","BPC2a_4"
4,"Rank 4","BPC2a_4"
5,"Rank 5","BPC2a_4"
6,"Rank 6","BPC2a_4"
7,"Rank 7","BPC2a_4"
8,"Rank 8","BPC2a_4"
9,"Rank 9","BPC2a_4"
10,"Rank 10","BPC2a_4"
11,"Rank 11","BPC2a_4"
12,"Rank 12","BPC2a_4"
1,"Rank 1","BPC2a_5"
2,"Rank 2","BPC2a_5"
3,"Rank 3","BPC2a_5"
4,"Rank 4","BPC2a_5"
5,"Rank 5","BPC2a_5"
6,"Rank 6","BPC2a_5"
7,"Rank 7","BPC2a_5"
8,"Rank 8","BPC2a_5"
9,"Rank 9","BPC2a_5"
10,"Rank 10","BPC2a_5"
11,"Rank 11","BPC2a_5"
12,"Rank 12","BPC2a_5"
1,"Rank 1","BPC2a_6"
2,"Rank 2","BPC2a_6"
3,"Rank 3","BPC2a_6"
4,"Rank 4","BPC2a_6"
5,"Rank 5","BPC2a_6"
6,"Rank 6","BPC2a_6"
7,"Rank 7","BPC2a_6"
8,"Rank 8","BPC2a_6"
9,"Rank 9","BPC2a_6"
10,"Rank 10","BPC2a_6"
11,"Rank 11","BPC2a_6"
12,"Rank 12","BPC2a_6"
1,"Rank 1","BPC2a_7"
2,"Rank 2","BPC2a_7"
3,"Rank 3","BPC2a_7"
4,"Rank 4","BPC2a_7"
5,"Rank 5","BPC2a_7"
6,"Rank 6","BPC2a_7"
7,"Rank 7","BPC2a_7"
8,"Rank 8","BPC2a_7"
9,"Rank 9","BPC2a_7"
10,"Rank 10","BPC2a_7"
11,"Rank 11","BPC2a_7"
12,"Rank 12","BPC2a_7"
1,"Rank 1","BPC2a_8"
2,"Rank 2","BPC2a_8"
3,"Rank 3","BPC2a_8"
4,"Rank 4","BPC2a_8"
5,"Rank 5","BPC2a_8"
6,"Rank 6","BPC2a_8"
7,"Rank 7","BPC2a_8"
8,"Rank 8","BPC2a_8"
9,"Rank 9","BPC2a_8"
10,"Rank 10","BPC2a_8"
11,"Rank 11","BPC2a_8"
12,"Rank 12","BPC2a_8"
1,"Rank 1","BPC2a_9"
2,"Rank 2","BPC2a_9"
3,"Rank 3","BPC2a_9"
4,"Rank 4","BPC2a_9"
5,"Rank 5","BPC2a_9"
6,"Rank 6","BPC2a_9"
7,"Rank 7","BPC2a_9"
8,"Rank 8","BPC2a_9"
9,"Rank 9","BPC2a_9"
10,"Rank 10","BPC2a_9"
11,"Rank 11","BPC2a_9"
12,"Rank 12","BPC2a_9"
1,"Rank 1","BPC2a_10"
2,"Rank 2","BPC2a_10"
3,"Rank 3","BPC2a_10"
4,"Rank 4","BPC2a_10"
5,"Rank 5","BPC2a_10"
6,"Rank 6","BPC2a_10"
7,"Rank 7","BPC2a_10"
8,"Rank 8","BPC2a_10"
9,"Rank 9","BPC2a_10"
10,"Rank 10","BPC2a_10"
11,"Rank 11","BPC2a_10"
12,"Rank 12","BPC2a_10"
1,"Rank 1","BPC2a_11"
2,"Rank 2","BPC2a_11"
3,"Rank 3","BPC2a_11"
4,"Rank 4","BPC2a_11"
5,"Rank 5","BPC2a_11"
6,"Rank 6","BPC2a_11"
7,"Rank 7","BPC2a_11"
8,"Rank 8","BPC2a_11"
9,"Rank 9","BPC2a_11"
10,"Rank 10","BPC2a_11"
11,"Rank 11","BPC2a_11"
12,"Rank 12","BPC2a_11"
1,"Rank 1","BPC2a_12"
2,"Rank 2","BPC2a_12"
3,"Rank 3","BPC2a_12"
4,"Rank 4","BPC2a_12"
5,"Rank 5","BPC2a_12"
6,"Rank 6","BPC2a_12"
7,"Rank 7","BPC2a_12"
8,"Rank 8","BPC2a_12"
9,"Rank 9","BPC2a_12"
10,"Rank 10","BPC2a_12"
11,"Rank 11","BPC2a_12"
12,"Rank 12","BPC2a_12"
1,"Selected","BPC3_1"
2,"Not Selected","BPC3_1"
1,"Selected","BPC3_2"
2,"Not Selected","BPC3_2"
1,"Selected","BPC3_3"
2,"Not Selected","BPC3_3"
1,"Selected","BPC3_4"
2,"Not Selected","BPC3_4"
1,"Selected","BPC3_5"
2,"Not Selected","BPC3_5"
1,"Selected","BPC3_6"
2,"Not Selected","BPC3_6"
1,"Selected","BPC3_7"
2,"Not Selected","BPC3_7"
1,"Selected","BPC3_8"
2,"Not Selected","BPC3_8"
1,"Selected","BPC3_9"
2,"Not Selected","BPC3_9"
1,"Selected","BPC3_10"
2,"Not Selected","BPC3_10"
1,"Selected","BPC3_11"
2,"Not Selected","BPC3_11"
1,"Selected","BPC3_12"
2,"Not Selected","BPC3_12"
1,"Selected","BPC3_13"
2,"Not Selected","BPC3_13"
1,"Selected","BPC3_14"
2,"Not Selected","BPC3_14"
1,"Selected","BPC3_15"
2,"Not Selected","BPC3_15"
1,"Rank 1","BPC3a_1"
2,"Rank 2","BPC3a_1"
3,"Rank 3","BPC3a_1"
4,"Rank 4","BPC3a_1"
5,"Rank 5","BPC3a_1"
6,"Rank 6","BPC3a_1"
7,"Rank 7","BPC3a_1"
8,"Rank 8","BPC3a_1"
9,"Rank 9","BPC3a_1"
10,"Rank 10","BPC3a_1"
11,"Rank 11","BPC3a_1"
12,"Rank 12","BPC3a_1"
13,"Rank 13","BPC3a_1"
1,"Rank 1","BPC3a_2"
2,"Rank 2","BPC3a_2"
3,"Rank 3","BPC3a_2"
4,"Rank 4","BPC3a_2"
5,"Rank 5","BPC3a_2"
6,"Rank 6","BPC3a_2"
7,"Rank 7","BPC3a_2"
8,"Rank 8","BPC3a_2"
9,"Rank 9","BPC3a_2"
10,"Rank 10","BPC3a_2"
11,"Rank 11","BPC3a_2"
12,"Rank 12","BPC3a_2"
13,"Rank 13","BPC3a_2"
1,"Rank 1","BPC3a_3"
2,"Rank 2","BPC3a_3"
3,"Rank 3","BPC3a_3"
4,"Rank 4","BPC3a_3"
5,"Rank 5","BPC3a_3"
6,"Rank 6","BPC3a_3"
7,"Rank 7","BPC3a_3"
8,"Rank 8","BPC3a_3"
9,"Rank 9","BPC3a_3"
10,"Rank 10","BPC3a_3"
11,"Rank 11","BPC3a_3"
12,"Rank 12","BPC3a_3"
13,"Rank 13","BPC3a_3"
1,"Rank 1","BPC3a_4"
2,"Rank 2","BPC3a_4"
3,"Rank 3","BPC3a_4"
4,"Rank 4","BPC3a_4"
5,"Rank 5","BPC3a_4"
6,"Rank 6","BPC3a_4"
7,"Rank 7","BPC3a_4"
8,"Rank 8","BPC3a_4"
9,"Rank 9","BPC3a_4"
10,"Rank 10","BPC3a_4"
11,"Rank 11","BPC3a_4"
12,"Rank 12","BPC3a_4"
13,"Rank 13","BPC3a_4"
1,"Rank 1","BPC3a_5"
2,"Rank 2","BPC3a_5"
3,"Rank 3","BPC3a_5"
4,"Rank 4","BPC3a_5"
5,"Rank 5","BPC3a_5"
6,"Rank 6","BPC3a_5"
7,"Rank 7","BPC3a_5"
8,"Rank 8","BPC3a_5"
9,"Rank 9","BPC3a_5"
10,"Rank 10","BPC3a_5"
11,"Rank 11","BPC3a_5"
12,"Rank 12","BPC3a_5"
13,"Rank 13","BPC3a_5"
1,"Rank 1","BPC3a_6"
2,"Rank 2","BPC3a_6"
3,"Rank 3","BPC3a_6"
4,"Rank 4","BPC3a_6"
5,"Rank 5","BPC3a_6"
6,"Rank 6","BPC3a_6"
7,"Rank 7","BPC3a_6"
8,"Rank 8","BPC3a_6"
9,"Rank 9","BPC3a_6"
10,"Rank 10","BPC3a_6"
11,"Rank 11","BPC3a_6"
12,"Rank 12","BPC3a_6"
13,"Rank 13","BPC3a_6"
1,"Rank 1","BPC3a_7"
2,"Rank 2","BPC3a_7"
3,"Rank 3","BPC3a_7"
4,"Rank 4","BPC3a_7"
5,"Rank 5","BPC3a_7"
6,"Rank 6","BPC3a_7"
7,"Rank 7","BPC3a_7"
8,"Rank 8","BPC3a_7"
9,"Rank 9","BPC3a_7"
10,"Rank 10","BPC3a_7"
11,"Rank 11","BPC3a_7"
12,"Rank 12","BPC3a_7"
13,"Rank 13","BPC3a_7"
1,"Rank 1","BPC3a_8"
2,"Rank 2","BPC3a_8"
3,"Rank 3","BPC3a_8"
4,"Rank 4","BPC3a_8"
5,"Rank 5","BPC3a_8"
6,"Rank 6","BPC3a_8"
7,"Rank 7","BPC3a_8"
8,"Rank 8","BPC3a_8"
9,"Rank 9","BPC3a_8"
10,"Rank 10","BPC3a_8"
11,"Rank 11","BPC3a_8"
12,"Rank 12","BPC3a_8"
13,"Rank 13","BPC3a_8"
1,"Rank 1","BPC3a_9"
2,"Rank 2","BPC3a_9"
3,"Rank 3","BPC3a_9"
4,"Rank 4","BPC3a_9"
5,"Rank 5","BPC3a_9"
6,"Rank 6","BPC3a_9"
7,"Rank 7","BPC3a_9"
8,"Rank 8","BPC3a_9"
9,"Rank 9","BPC3a_9"
10,"Rank 10","BPC3a_9"
11,"Rank 11","BPC3a_9"
12,"Rank 12","BPC3a_9"
13,"Rank 13","BPC3a_9"
1,"Rank 1","BPC3a_10"
2,"Rank 2","BPC3a_10"
3,"Rank 3","BPC3a_10"
4,"Rank 4","BPC3a_10"
5,"Rank 5","BPC3a_10"
6,"Rank 6","BPC3a_10"
7,"Rank 7","BPC3a_10"
8,"Rank 8","BPC3a_10"
9,"Rank 9","BPC3a_10"
10,"Rank 10","BPC3a_10"
11,"Rank 11","BPC3a_10"
12,"Rank 12","BPC3a_10"
13,"Rank 13","BPC3a_10"
1,"Rank 1","BPC3a_11"
2,"Rank 2","BPC3a_11"
3,"Rank 3","BPC3a_11"
4,"Rank 4","BPC3a_11"
5,"Rank 5","BPC3a_11"
6,"Rank 6","BPC3a_11"
7,"Rank 7","BPC3a_11"
8,"Rank 8","BPC3a_11"
9,"Rank 9","BPC3a_11"
10,"Rank 10","BPC3a_11"
11,"Rank 11","BPC3a_11"
12,"Rank 12","BPC3a_11"
13,"Rank 13","BPC3a_11"
1,"Rank 1","BPC3a_12"
2,"Rank 2","BPC3a_12"
3,"Rank 3","BPC3a_12"
4,"Rank 4","BPC3a_12"
5,"Rank 5","BPC3a_12"
6,"Rank 6","BPC3a_12"
7,"Rank 7","BPC3a_12"
8,"Rank 8","BPC3a_12"
9,"Rank 9","BPC3a_12"
10,"Rank 10","BPC3a_12"
11,"Rank 11","BPC3a_12"
12,"Rank 12","BPC3a_12"
13,"Rank 13","BPC3a_12"
1,"Rank 1","BPC3a_13"
2,"Rank 2","BPC3a_13"
3,"Rank 3","BPC3a_13"
4,"Rank 4","BPC3a_13"
5,"Rank 5","BPC3a_13"
6,"Rank 6","BPC3a_13"
7,"Rank 7","BPC3a_13"
8,"Rank 8","BPC3a_13"
9,"Rank 9","BPC3a_13"
10,"Rank 10","BPC3a_13"
11,"Rank 11","BPC3a_13"
12,"Rank 12","BPC3a_13"
13,"Rank 13","BPC3a_13"
1,"Selected","BPC4_1"
2,"Not Selected","BPC4_1"
1,"Selected","BPC4_2"
2,"Not Selected","BPC4_2"
1,"Selected","BPC4_3"
2,"Not Selected","BPC4_3"
1,"Selected","BPC4_4"
2,"Not Selected","BPC4_4"
1,"Selected","BPC4_5"
2,"Not Selected","BPC4_5"
1,"Selected","BPC4_6"
2,"Not Selected","BPC4_6"
1,"Rank 1","BPC4a_1"
2,"Rank 2","BPC4a_1"
3,"Rank 3","BPC4a_1"
4,"Rank 4","BPC4a_1"
1,"Rank 1","BPC4a_2"
2,"Rank 2","BPC4a_2"
3,"Rank 3","BPC4a_2"
4,"Rank 4","BPC4a_2"
1,"Rank 1","BPC4a_3"
2,"Rank 2","BPC4a_3"
3,"Rank 3","BPC4a_3"
4,"Rank 4","BPC4a_3"
1,"Rank 1","BPC4a_4"
2,"Rank 2","BPC4a_4"
3,"Rank 3","BPC4a_4"
4,"Rank 4","BPC4a_4"
1,"Selected","BPC5_1"
2,"Not Selected","BPC5_1"
1,"Selected","BPC5_2"
2,"Not Selected","BPC5_2"
1,"Selected","BPC5_3"
2,"Not Selected","BPC5_3"
1,"Selected","BPC5_4"
2,"Not Selected","BPC5_4"
1,"Selected","BPC5_5"
2,"Not Selected","BPC5_5"
1,"Selected","BPC5_6"
2,"Not Selected","BPC5_6"
1,"Selected","BPC5_7"
2,"Not Selected","BPC5_7"
1,"Selected","BPC5_8"
2,"Not Selected","BPC5_8"
1,"Selected","BPC5_9"
2,"Not Selected","BPC5_9"
1,"Selected","BPC5_10"
2,"Not Selected","BPC5_10"
1,"Selected","BPC5_11"
2,"Not Selected","BPC5_11"
1,"Selected","BPC5_12"
2,"Not Selected","BPC5_12"
1,"Selected","BPC5_13"
2,"Not Selected","BPC5_13"
1,"Selected","BPC5_14"
2,"Not Selected","BPC5_14"
1,"Selected","BPC5_15"
2,"Not Selected","BPC5_15"
1,"Selected","BPC5_16"
2,"Not Selected","BPC5_16"
1,"Selected","BPC5_17"
2,"Not Selected","BPC5_17"
1,"Selected","BPC5_18"
2,"Not Selected","BPC5_18"
1,"Selected","BPC5_19"
2,"Not Selected","BPC5_19"
1,"Selected","BPC5_20"
2,"Not Selected","BPC5_20"
1,"Selected","BPC5_21"
2,"Not Selected","BPC5_21"
1,"Selected","BPC5_22"
2,"Not Selected","BPC5_22"
1,"Selected","BPC5_23"
2,"Not Selected","BPC5_23"
1,"Selected","BPC5_24"
2,"Not Selected","BPC5_24"
1,"Selected","BPC5_25"
2,"Not Selected","BPC5_25"
1,"Selected","BPC5_26"
2,"Not Selected","BPC5_26"
1,"Selected","BPC5_27"
2,"Not Selected","BPC5_27"
1,"Selected","BPC5_28"
2,"Not Selected","BPC5_28"
1,"Selected","BPC5_29"
2,"Not Selected","BPC5_29"
1,"Selected","BPC5_30"
2,"Not Selected","BPC5_30"
1,"Selected","BPC6_1"
2,"Not Selected","BPC6_1"
1,"Selected","BPC6_2"
2,"Not Selected","BPC6_2"
1,"Selected","BPC6_3"
2,"Not Selected","BPC6_3"
1,"Selected","BPC6_4"
2,"Not Selected","BPC6_4"
1,"Selected","BPC6_5"
2,"Not Selected","BPC6_5"
1,"Selected","BPC6_6"
2,"Not Selected","BPC6_6"
1,"Selected","BPC6_7"
2,"Not Selected","BPC6_7"
1,"Selected","BPC6_8"
2,"Not Selected","BPC6_8"
1,"Selected","BPC6_9"
2,"Not Selected","BPC6_9"
1,"Selected","BPC6_10"
2,"Not Selected","BPC6_10"
1,"Selected","BPC6_11"
2,"Not Selected","BPC6_11"
1,"Selected","BPC6_12"
2,"Not Selected","BPC6_12"
1,"Selected","BPC6_13"
2,"Not Selected","BPC6_13"
1,"Selected","BPC6_14"
2,"Not Selected","BPC6_14"
1,"Selected","BPC6_15"
2,"Not Selected","BPC6_15"
1,"Selected","BPC6_16"
2,"Not Selected","BPC6_16"
1,"Selected","BPC10_1"
2,"Not Selected","BPC10_1"
1,"Selected","BPC10_2"
2,"Not Selected","BPC10_2"
1,"Selected","BPC10_3"
2,"Not Selected","BPC10_3"
1,"Selected","BPC10_4"
2,"Not Selected","BPC10_4"
1,"Selected","BPC10_5"
2,"Not Selected","BPC10_5"
1,"Selected","BPC10_6"
2,"Not Selected","BPC10_6"
1,"Selected","BPC10_7"
2,"Not Selected","BPC10_7"
1,"Selected","BPC10_8"
2,"Not Selected","BPC10_8"
1,"Selected","BPC10_9"
2,"Not Selected","BPC10_9"
1,"Selected","BPC11_1"
2,"Not Selected","BPC11_1"
1,"Selected","BPC11_2"
2,"Not Selected","BPC11_2"
1,"Selected","BPC11_3"
2,"Not Selected","BPC11_3"
1,"Selected","BPC11_4"
2,"Not Selected","BPC11_4"
1,"Selected","BPC11_5"
2,"Not Selected","BPC11_5"
1,"Selected","BPC11_6"
2,"Not Selected","BPC11_6"
1,"Selected","BPC11_7"
2,"Not Selected","BPC11_7"
1,"Selected","BPC11_8"
2,"Not Selected","BPC11_8"
1,"Selected","BPC11_9"
2,"Not Selected","BPC11_9"
1,"Selected","BPC11_10"
2,"Not Selected","BPC11_10"
1,"Selected","BPC11_11"
2,"Not Selected","BPC11_11"
1,"Selected","BPC11_12"
2,"Not Selected","BPC11_12"
1,"Rank 1","BPC11a_1"
2,"Rank 2","BPC11a_1"
3,"Rank 3","BPC11a_1"
4,"Rank 4","BPC11a_1"
5,"Rank 5","BPC11a_1"
6,"Rank 6","BPC11a_1"
7,"Rank 7","BPC11a_1"
8,"Rank 8","BPC11a_1"
9,"Rank 9","BPC11a_1"
10,"Rank 10","BPC11a_1"
1,"Rank 1","BPC11a_2"
2,"Rank 2","BPC11a_2"
3,"Rank 3","BPC11a_2"
4,"Rank 4","BPC11a_2"
5,"Rank 5","BPC11a_2"
6,"Rank 6","BPC11a_2"
7,"Rank 7","BPC11a_2"
8,"Rank 8","BPC11a_2"
9,"Rank 9","BPC11a_2"
10,"Rank 10","BPC11a_2"
1,"Rank 1","BPC11a_3"
2,"Rank 2","BPC11a_3"
3,"Rank 3","BPC11a_3"
4,"Rank 4","BPC11a_3"
5,"Rank 5","BPC11a_3"
6,"Rank 6","BPC11a_3"
7,"Rank 7","BPC11a_3"
8,"Rank 8","BPC11a_3"
9,"Rank 9","BPC11a_3"
10,"Rank 10","BPC11a_3"
1,"Rank 1","BPC11a_4"
2,"Rank 2","BPC11a_4"
3,"Rank 3","BPC11a_4"
4,"Rank 4","BPC11a_4"
5,"Rank 5","BPC11a_4"
6,"Rank 6","BPC11a_4"
7,"Rank 7","BPC11a_4"
8,"Rank 8","BPC11a_4"
9,"Rank 9","BPC11a_4"
10,"Rank 10","BPC11a_4"
1,"Rank 1","BPC11a_5"
2,"Rank 2","BPC11a_5"
3,"Rank 3","BPC11a_5"
4,"Rank 4","BPC11a_5"
5,"Rank 5","BPC11a_5"
6,"Rank 6","BPC11a_5"
7,"Rank 7","BPC11a_5"
8,"Rank 8","BPC11a_5"
9,"Rank 9","BPC11a_5"
10,"Rank 10","BPC11a_5"
1,"Rank 1","BPC11a_6"
2,"Rank 2","BPC11a_6"
3,"Rank 3","BPC11a_6"
4,"Rank 4","BPC11a_6"
5,"Rank 5","BPC11a_6"
6,"Rank 6","BPC11a_6"
7,"Rank 7","BPC11a_6"
8,"Rank 8","BPC11a_6"
9,"Rank 9","BPC11a_6"
10,"Rank 10","BPC11a_6"
1,"Rank 1","BPC11a_7"
2,"Rank 2","BPC11a_7"
3,"Rank 3","BPC11a_7"
4,"Rank 4","BPC11a_7"
5,"Rank 5","BPC11a_7"
6,"Rank 6","BPC11a_7"
7,"Rank 7","BPC11a_7"
8,"Rank 8","BPC11a_7"
9,"Rank 9","BPC11a_7"
10,"Rank 10","BPC11a_7"
1,"Rank 1","BPC11a_8"
2,"Rank 2","BPC11a_8"
3,"Rank 3","BPC11a_8"
4,"Rank 4","BPC11a_8"
5,"Rank 5","BPC11a_8"
6,"Rank 6","BPC11a_8"
7,"Rank 7","BPC11a_8"
8,"Rank 8","BPC11a_8"
9,"Rank 9","BPC11a_8"
10,"Rank 10","BPC11a_8"
1,"Rank 1","BPC11a_9"
2,"Rank 2","BPC11a_9"
3,"Rank 3","BPC11a_9"
4,"Rank 4","BPC11a_9"
5,"Rank 5","BPC11a_9"
6,"Rank 6","BPC11a_9"
7,"Rank 7","BPC11a_9"
8,"Rank 8","BPC11a_9"
9,"Rank 9","BPC11a_9"
10,"Rank 10","BPC11a_9"
1,"Rank 1","BPC11a_10"
2,"Rank 2","BPC11a_10"
3,"Rank 3","BPC11a_10"
4,"Rank 4","BPC11a_10"
5,"Rank 5","BPC11a_10"
6,"Rank 6","BPC11a_10"
7,"Rank 7","BPC11a_10"
8,"Rank 8","BPC11a_10"
9,"Rank 9","BPC11a_10"
10,"Rank 10","BPC11a_10"
1,"Selected","BPC12_1"
2,"Not Selected","BPC12_1"
1,"Selected","BPC12_2"
2,"Not Selected","BPC12_2"
1,"Selected","BPC12_3"
2,"Not Selected","BPC12_3"
1,"Selected","BPC12_4"
2,"Not Selected","BPC12_4"
1,"Selected","BPC12_5"
2,"Not Selected","BPC12_5"
1,"Selected","BPC12_6"
2,"Not Selected","BPC12_6"
1,"Selected","BPC12_7"
2,"Not Selected","BPC12_7"
1,"Selected","BPC12_8"
2,"Not Selected","BPC12_8"
1,"Selected","BPC12_9"
2,"Not Selected","BPC12_9"
1,"Selected","BPC12_10"
2,"Not Selected","BPC12_10"
1,"Selected","BPC12_11"
2,"Not Selected","BPC12_11"
1,"Selected","BPC12_12"
2,"Not Selected","BPC12_12"
1,"Rank 1","BPC12a_1"
2,"Rank 2","BPC12a_1"
3,"Rank 3","BPC12a_1"
4,"Rank 4","BPC12a_1"
5,"Rank 5","BPC12a_1"
6,"Rank 6","BPC12a_1"
7,"Rank 7","BPC12a_1"
8,"Rank 8","BPC12a_1"
9,"Rank 9","BPC12a_1"
10,"Rank 10","BPC12a_1"
1,"Rank 1","BPC12a_2"
2,"Rank 2","BPC12a_2"
3,"Rank 3","BPC12a_2"
4,"Rank 4","BPC12a_2"
5,"Rank 5","BPC12a_2"
6,"Rank 6","BPC12a_2"
7,"Rank 7","BPC12a_2"
8,"Rank 8","BPC12a_2"
9,"Rank 9","BPC12a_2"
10,"Rank 10","BPC12a_2"
1,"Rank 1","BPC12a_3"
2,"Rank 2","BPC12a_3"
3,"Rank 3","BPC12a_3"
4,"Rank 4","BPC12a_3"
5,"Rank 5","BPC12a_3"
6,"Rank 6","BPC12a_3"
7,"Rank 7","BPC12a_3"
8,"Rank 8","BPC12a_3"
9,"Rank 9","BPC12a_3"
10,"Rank 10","BPC12a_3"
1,"Rank 1","BPC12a_4"
2,"Rank 2","BPC12a_4"
3,"Rank 3","BPC12a_4"
4,"Rank 4","BPC12a_4"
5,"Rank 5","BPC12a_4"
6,"Rank 6","BPC12a_4"
7,"Rank 7","BPC12a_4"
8,"Rank 8","BPC12a_4"
9,"Rank 9","BPC12a_4"
10,"Rank 10","BPC12a_4"
1,"Rank 1","BPC12a_5"
2,"Rank 2","BPC12a_5"
3,"Rank 3","BPC12a_5"
4,"Rank 4","BPC12a_5"
5,"Rank 5","BPC12a_5"
6,"Rank 6","BPC12a_5"
7,"Rank 7","BPC12a_5"
8,"Rank 8","BPC12a_5"
9,"Rank 9","BPC12a_5"
10,"Rank 10","BPC12a_5"
1,"Rank 1","BPC12a_6"
2,"Rank 2","BPC12a_6"
3,"Rank 3","BPC12a_6"
4,"Rank 4","BPC12a_6"
5,"Rank 5","BPC12a_6"
6,"Rank 6","BPC12a_6"
7,"Rank 7","BPC12a_6"
8,"Rank 8","BPC12a_6"
9,"Rank 9","BPC12a_6"
10,"Rank 10","BPC12a_6"
1,"Rank 1","BPC12a_7"
2,"Rank 2","BPC12a_7"
3,"Rank 3","BPC12a_7"
4,"Rank 4","BPC12a_7"
5,"Rank 5","BPC12a_7"
6,"Rank 6","BPC12a_7"
7,"Rank 7","BPC12a_7"
8,"Rank 8","BPC12a_7"
9,"Rank 9","BPC12a_7"
10,"Rank 10","BPC12a_7"
1,"Rank 1","BPC12a_8"
2,"Rank 2","BPC12a_8"
3,"Rank 3","BPC12a_8"
4,"Rank 4","BPC12a_8"
5,"Rank 5","BPC12a_8"
6,"Rank 6","BPC12a_8"
7,"Rank 7","BPC12a_8"
8,"Rank 8","BPC12a_8"
9,"Rank 9","BPC12a_8"
10,"Rank 10","BPC12a_8"
1,"Rank 1","BPC12a_9"
2,"Rank 2","BPC12a_9"
3,"Rank 3","BPC12a_9"
4,"Rank 4","BPC12a_9"
5,"Rank 5","BPC12a_9"
6,"Rank 6","BPC12a_9"
7,"Rank 7","BPC12a_9"
8,"Rank 8","BPC12a_9"
9,"Rank 9","BPC12a_9"
10,"Rank 10","BPC12a_9"
1,"Rank 1","BPC12a_10"
2,"Rank 2","BPC12a_10"
3,"Rank 3","BPC12a_10"
4,"Rank 4","BPC12a_10"
5,"Rank 5","BPC12a_10"
6,"Rank 6","BPC12a_10"
7,"Rank 7","BPC12a_10"
8,"Rank 8","BPC12a_10"
9,"Rank 9","BPC12a_10"
10,"Rank 10","BPC12a_10"
1,"I visit my local (town, city, county) or state election office's website","BPC13"
2,"I call my local (town, city, county) or state election office on the phone","BPC13"
3,"I visit my local (town, city, county) or state election office in person","BPC13"
4,"Other, please specify","BPC13"
5,"Don't know","BPC13"
1,"I would visit my local (town, city, county) or state election office's website","BPC14"
2,"I would call my local (town, city, county) or state election office on the phone","BPC14"
3,"I would visit my local (town, city, county) or state election office in person","BPC14"
4,"Other, please specify","BPC14"
5,"Don't know","BPC14"
1,"Selected","BPC15_1"
2,"Not Selected","BPC15_1"
1,"Selected","BPC15_2"
2,"Not Selected","BPC15_2"
1,"Selected","BPC15_3"
2,"Not Selected","BPC15_3"
1,"Selected","BPC15_4"
2,"Not Selected","BPC15_4"
1,"Selected","BPC15_5"
2,"Not Selected","BPC15_5"
1,"Selected","BPC15_6"
2,"Not Selected","BPC15_6"
1,"Selected","BPC15_7"
2,"Not Selected","BPC15_7"
1,"Selected","BPC15_8"
2,"Not Selected","BPC15_8"
1,"Selected","BPC15_9"
2,"Not Selected","BPC15_9"
1,"Selected","BPC15_10"
2,"Not Selected","BPC15_10"
1,"Selected","BPC15_11"
2,"Not Selected","BPC15_11"
1,"Selected","BPC15_12"
2,"Not Selected","BPC15_12"
1,"Selected","BPC15_13"
2,"Not Selected","BPC15_13"
1,"Selected","BPC15_14"
2,"Not Selected","BPC15_14"
1,"Selected","BPC15_15"
2,"Not Selected","BPC15_15"
1,"Selected","BPC15_16"
2,"Not Selected","BPC15_16"
1,"Selected","BPC16_1"
2,"Not Selected","BPC16_1"
1,"Selected","BPC16_2"
2,"Not Selected","BPC16_2"
1,"Selected","BPC16_3"
2,"Not Selected","BPC16_3"
1,"Selected","BPC16_4"
2,"Not Selected","BPC16_4"
1,"Selected","BPC16_5"
2,"Not Selected","BPC16_5"
1,"Selected","BPC16_6"
2,"Not Selected","BPC16_6"
1,"Selected","BPC16_7"
2,"Not Selected","BPC16_7"
1,"Selected","BPC16_8"
2,"Not Selected","BPC16_8"
1,"Selected","BPC16_9"
2,"Not Selected","BPC16_9"
1,"Selected","BPC16_10"
2,"Not Selected","BPC16_10"
1,"Selected","BPC16_11"
2,"Not Selected","BPC16_11"
1,"Selected","BPC16_12"
2,"Not Selected","BPC16_12"
1,"Selected","BPC16_13"
2,"Not Selected","BPC16_13"
1,"Selected","BPC16_14"
2,"Not Selected","BPC16_14"
1,"Selected","BPC16_15"
2,"Not Selected","BPC16_15"
1,"Selected","BPC16_16"
2,"Not Selected","BPC16_16"
1,"Selected","BPC17_1"
2,"Not Selected","BPC17_1"
1,"Selected","BPC17_2"
2,"Not Selected","BPC17_2"
1,"Selected","BPC17_3"
2,"Not Selected","BPC17_3"
1,"Selected","BPC17_4"
2,"Not Selected","BPC17_4"
1,"Selected","BPC17_5"
2,"Not Selected","BPC17_5"
1,"Selected","BPC17_6"
2,"Not Selected","BPC17_6"
1,"Selected","BPC17_7"
2,"Not Selected","BPC17_7"
1,"Selected","BPC17_8"
2,"Not Selected","BPC17_8"
1,"Selected","BPC17_9"
2,"Not Selected","BPC17_9"
1,"Selected","BPC18_1"
2,"Not Selected","BPC18_1"
1,"Selected","BPC18_2"
2,"Not Selected","BPC18_2"
1,"Selected","BPC18_3"
2,"Not Selected","BPC18_3"
1,"Selected","BPC18_4"
2,"Not Selected","BPC18_4"
1,"Selected","BPC18_5"
2,"Not Selected","BPC18_5"
1,"Selected","BPC18_6"
2,"Not Selected","BPC18_6"
1,"Selected","BPC18_7"
2,"Not Selected","BPC18_7"
1,"Selected","BPC18_8"
2,"Not Selected","BPC18_8"
1,"Selected","BPC18_9"
2,"Not Selected","BPC18_9"
1,"Selected","BPC19_1"
2,"Not Selected","BPC19_1"
1,"Selected","BPC19_2"
2,"Not Selected","BPC19_2"
1,"Selected","BPC19_3"
2,"Not Selected","BPC19_3"
1,"Selected","BPC19_4"
2,"Not Selected","BPC19_4"
1,"Selected","BPC19_5"
2,"Not Selected","BPC19_5"
1,"Selected","BPC19_6"
2,"Not Selected","BPC19_6"
1,"Selected","BPC19_7"
2,"Not Selected","BPC19_7"
1,"Selected","BPC19_8"
2,"Not Selected","BPC19_8"
1,"Selected","BPC19_9"
2,"Not Selected","BPC19_9"
1,"Selected","BPC19_10"
2,"Not Selected","BPC19_10"
1,"Selected","BPC19_11"
2,"Not Selected","BPC19_11"
1,"Selected","BPC19_12"
2,"Not Selected","BPC19_12"
1,"Rank 1","BPC19a_1"
2,"Rank 2","BPC19a_1"
3,"Rank 3","BPC19a_1"
4,"Rank 4","BPC19a_1"
5,"Rank 5","BPC19a_1"
6,"Rank 6","BPC19a_1"
7,"Rank 7","BPC19a_1"
8,"Rank 8","BPC19a_1"
9,"Rank 9","BPC19a_1"
10,"Rank 10","BPC19a_1"
1,"Rank 1","BPC19a_2"
2,"Rank 2","BPC19a_2"
3,"Rank 3","BPC19a_2"
4,"Rank 4","BPC19a_2"
5,"Rank 5","BPC19a_2"
6,"Rank 6","BPC19a_2"
7,"Rank 7","BPC19a_2"
8,"Rank 8","BPC19a_2"
9,"Rank 9","BPC19a_2"
10,"Rank 10","BPC19a_2"
1,"Rank 1","BPC19a_3"
2,"Rank 2","BPC19a_3"
3,"Rank 3","BPC19a_3"
4,"Rank 4","BPC19a_3"
5,"Rank 5","BPC19a_3"
6,"Rank 6","BPC19a_3"
7,"Rank 7","BPC19a_3"
8,"Rank 8","BPC19a_3"
9,"Rank 9","BPC19a_3"
10,"Rank 10","BPC19a_3"
1,"Rank 1","BPC19a_4"
2,"Rank 2","BPC19a_4"
3,"Rank 3","BPC19a_4"
4,"Rank 4","BPC19a_4"
5,"Rank 5","BPC19a_4"
6,"Rank 6","BPC19a_4"
7,"Rank 7","BPC19a_4"
8,"Rank 8","BPC19a_4"
9,"Rank 9","BPC19a_4"
10,"Rank 10","BPC19a_4"
1,"Rank 1","BPC19a_5"
2,"Rank 2","BPC19a_5"
3,"Rank 3","BPC19a_5"
4,"Rank 4","BPC19a_5"
5,"Rank 5","BPC19a_5"
6,"Rank 6","BPC19a_5"
7,"Rank 7","BPC19a_5"
8,"Rank 8","BPC19a_5"
9,"Rank 9","BPC19a_5"
10,"Rank 10","BPC19a_5"
1,"Rank 1","BPC19a_6"
2,"Rank 2","BPC19a_6"
3,"Rank 3","BPC19a_6"
4,"Rank 4","BPC19a_6"
5,"Rank 5","BPC19a_6"
6,"Rank 6","BPC19a_6"
7,"Rank 7","BPC19a_6"
8,"Rank 8","BPC19a_6"
9,"Rank 9","BPC19a_6"
10,"Rank 10","BPC19a_6"
1,"Rank 1","BPC19a_7"
2,"Rank 2","BPC19a_7"
3,"Rank 3","BPC19a_7"
4,"Rank 4","BPC19a_7"
5,"Rank 5","BPC19a_7"
6,"Rank 6","BPC19a_7"
7,"Rank 7","BPC19a_7"
8,"Rank 8","BPC19a_7"
9,"Rank 9","BPC19a_7"
10,"Rank 10","BPC19a_7"
1,"Rank 1","BPC19a_8"
2,"Rank 2","BPC19a_8"
3,"Rank 3","BPC19a_8"
4,"Rank 4","BPC19a_8"
5,"Rank 5","BPC19a_8"
6,"Rank 6","BPC19a_8"
7,"Rank 7","BPC19a_8"
8,"Rank 8","BPC19a_8"
9,"Rank 9","BPC19a_8"
10,"Rank 10","BPC19a_8"
1,"Rank 1","BPC19a_9"
2,"Rank 2","BPC19a_9"
3,"Rank 3","BPC19a_9"
4,"Rank 4","BPC19a_9"
5,"Rank 5","BPC19a_9"
6,"Rank 6","BPC19a_9"
7,"Rank 7","BPC19a_9"
8,"Rank 8","BPC19a_9"
9,"Rank 9","BPC19a_9"
10,"Rank 10","BPC19a_9"
1,"Rank 1","BPC19a_10"
2,"Rank 2","BPC19a_10"
3,"Rank 3","BPC19a_10"
4,"Rank 4","BPC19a_10"
5,"Rank 5","BPC19a_10"
6,"Rank 6","BPC19a_10"
7,"Rank 7","BPC19a_10"
8,"Rank 8","BPC19a_10"
9,"Rank 9","BPC19a_10"
10,"Rank 10","BPC19a_10"
1,"Selected","BPC20_1"
2,"Not Selected","BPC20_1"
1,"Selected","BPC20_2"
2,"Not Selected","BPC20_2"
1,"Selected","BPC20_3"
2,"Not Selected","BPC20_3"
1,"Selected","BPC20_4"
2,"Not Selected","BPC20_4"
1,"Selected","BPC20_5"
2,"Not Selected","BPC20_5"
1,"Selected","BPC20_6"
2,"Not Selected","BPC20_6"
1,"Selected","BPC20_7"
2,"Not Selected","BPC20_7"
1,"Selected","BPC20_8"
2,"Not Selected","BPC20_8"
1,"Selected","BPC20_9"
2,"Not Selected","BPC20_9"
1,"Selected","BPC20_10"
2,"Not Selected","BPC20_10"
1,"Selected","BPC20_11"
2,"Not Selected","BPC20_11"
1,"Selected","BPC20_12"
2,"Not Selected","BPC20_12"
1,"Rank 1","BPC20a_1"
2,"Rank 2","BPC20a_1"
3,"Rank 3","BPC20a_1"
4,"Rank 4","BPC20a_1"
5,"Rank 5","BPC20a_1"
6,"Rank 6","BPC20a_1"
7,"Rank 7","BPC20a_1"
8,"Rank 8","BPC20a_1"
9,"Rank 9","BPC20a_1"
10,"Rank 10","BPC20a_1"
1,"Rank 1","BPC20a_2"
2,"Rank 2","BPC20a_2"
3,"Rank 3","BPC20a_2"
4,"Rank 4","BPC20a_2"
5,"Rank 5","BPC20a_2"
6,"Rank 6","BPC20a_2"
7,"Rank 7","BPC20a_2"
8,"Rank 8","BPC20a_2"
9,"Rank 9","BPC20a_2"
10,"Rank 10","BPC20a_2"
1,"Rank 1","BPC20a_3"
2,"Rank 2","BPC20a_3"
3,"Rank 3","BPC20a_3"
4,"Rank 4","BPC20a_3"
5,"Rank 5","BPC20a_3"
6,"Rank 6","BPC20a_3"
7,"Rank 7","BPC20a_3"
8,"Rank 8","BPC20a_3"
9,"Rank 9","BPC20a_3"
10,"Rank 10","BPC20a_3"
1,"Rank 1","BPC20a_4"
2,"Rank 2","BPC20a_4"
3,"Rank 3","BPC20a_4"
4,"Rank 4","BPC20a_4"
5,"Rank 5","BPC20a_4"
6,"Rank 6","BPC20a_4"
7,"Rank 7","BPC20a_4"
8,"Rank 8","BPC20a_4"
9,"Rank 9","BPC20a_4"
10,"Rank 10","BPC20a_4"
1,"Rank 1","BPC20a_5"
2,"Rank 2","BPC20a_5"
3,"Rank 3","BPC20a_5"
4,"Rank 4","BPC20a_5"
5,"Rank 5","BPC20a_5"
6,"Rank 6","BPC20a_5"
7,"Rank 7","BPC20a_5"
8,"Rank 8","BPC20a_5"
9,"Rank 9","BPC20a_5"
10,"Rank 10","BPC20a_5"
1,"Rank 1","BPC20a_6"
2,"Rank 2","BPC20a_6"
3,"Rank 3","BPC20a_6"
4,"Rank 4","BPC20a_6"
5,"Rank 5","BPC20a_6"
6,"Rank 6","BPC20a_6"
7,"Rank 7","BPC20a_6"
8,"Rank 8","BPC20a_6"
9,"Rank 9","BPC20a_6"
10,"Rank 10","BPC20a_6"
1,"Rank 1","BPC20a_7"
2,"Rank 2","BPC20a_7"
3,"Rank 3","BPC20a_7"
4,"Rank 4","BPC20a_7"
5,"Rank 5","BPC20a_7"
6,"Rank 6","BPC20a_7"
7,"Rank 7","BPC20a_7"
8,"Rank 8","BPC20a_7"
9,"Rank 9","BPC20a_7"
10,"Rank 10","BPC20a_7"
1,"Rank 1","BPC20a_8"
2,"Rank 2","BPC20a_8"
3,"Rank 3","BPC20a_8"
4,"Rank 4","BPC20a_8"
5,"Rank 5","BPC20a_8"
6,"Rank 6","BPC20a_8"
7,"Rank 7","BPC20a_8"
8,"Rank 8","BPC20a_8"
9,"Rank 9","BPC20a_8"
10,"Rank 10","BPC20a_8"
1,"Rank 1","BPC20a_9"
2,"Rank 2","BPC20a_9"
3,"Rank 3","BPC20a_9"
4,"Rank 4","BPC20a_9"
5,"Rank 5","BPC20a_9"
6,"Rank 6","BPC20a_9"
7,"Rank 7","BPC20a_9"
8,"Rank 8","BPC20a_9"
9,"Rank 9","BPC20a_9"
10,"Rank 10","BPC20a_9"
1,"Rank 1","BPC20a_10"
2,"Rank 2","BPC20a_10"
3,"Rank 3","BPC20a_10"
4,"Rank 4","BPC20a_10"
5,"Rank 5","BPC20a_10"
6,"Rank 6","BPC20a_10"
7,"Rank 7","BPC20a_10"
8,"Rank 8","BPC20a_10"
9,"Rank 9","BPC20a_10"
10,"Rank 10","BPC20a_10"
1,"I visit my local (town, city, county) or state election office's website","BPC21"
2,"I call my local (town, city, county) or state election office on the phone","BPC21"
3,"I visit my local (town, city, county) or state election office in person","BPC21"
4,"Other, please specify","BPC21"
5,"Don't know","BPC21"
1,"I would visit my local (town, city, county) or state election office's website","BPC22"
2,"I would call my local (town, city, county) or state election office on the phone","BPC22"
3,"I would visit my local (town, city, county) or state election office in person","BPC22"
4,"Other, please specify","BPC22"
5,"Don't know","BPC22"
1,"Selected","BPC23_1"
2,"Not Selected","BPC23_1"
1,"Selected","BPC23_2"
2,"Not Selected","BPC23_2"
1,"Selected","BPC23_3"
2,"Not Selected","BPC23_3"
1,"Selected","BPC23_4"
2,"Not Selected","BPC23_4"
1,"Selected","BPC23_5"
2,"Not Selected","BPC23_5"
1,"Selected","BPC23_6"
2,"Not Selected","BPC23_6"
1,"Selected","BPC23_7"
2,"Not Selected","BPC23_7"
1,"Selected","BPC23_8"
2,"Not Selected","BPC23_8"
1,"Selected","BPC23_9"
2,"Not Selected","BPC23_9"
1,"Selected","BPC23_10"
2,"Not Selected","BPC23_10"
1,"Selected","BPC23_11"
2,"Not Selected","BPC23_11"
1,"Selected","BPC23_12"
2,"Not Selected","BPC23_12"
1,"Selected","BPC23_13"
2,"Not Selected","BPC23_13"
1,"Selected","BPC23_14"
2,"Not Selected","BPC23_14"
1,"Selected","BPC23_15"
2,"Not Selected","BPC23_15"
1,"Selected","BPC23_16"
2,"Not Selected","BPC23_16"
1,"Selected","BPC24_1"
2,"Not Selected","BPC24_1"
1,"Selected","BPC24_2"
2,"Not Selected","BPC24_2"
1,"Selected","BPC24_3"
2,"Not Selected","BPC24_3"
1,"Selected","BPC24_4"
2,"Not Selected","BPC24_4"
1,"Selected","BPC24_5"
2,"Not Selected","BPC24_5"
1,"Selected","BPC24_6"
2,"Not Selected","BPC24_6"
1,"Selected","BPC24_7"
2,"Not Selected","BPC24_7"
1,"Selected","BPC24_8"
2,"Not Selected","BPC24_8"
1,"Selected","BPC24_9"
2,"Not Selected","BPC24_9"
1,"Selected","BPC24_10"
2,"Not Selected","BPC24_10"
1,"Selected","BPC24_11"
2,"Not Selected","BPC24_11"
1,"Selected","BPC24_12"
2,"Not Selected","BPC24_12"
1,"Selected","BPC24_13"
2,"Not Selected","BPC24_13"
1,"Selected","BPC24_14"
2,"Not Selected","BPC24_14"
1,"Selected","BPC24_15"
2,"Not Selected","BPC24_15"
1,"Selected","BPC24_16"
2,"Not Selected","BPC24_16"
1,"Selected","BPC25_1"
2,"Not Selected","BPC25_1"
1,"Selected","BPC25_2"
2,"Not Selected","BPC25_2"
1,"Selected","BPC25_3"
2,"Not Selected","BPC25_3"
1,"Selected","BPC25_4"
2,"Not Selected","BPC25_4"
1,"Selected","BPC25_5"
2,"Not Selected","BPC25_5"
1,"Selected","BPC25_6"
2,"Not Selected","BPC25_6"
1,"Selected","BPC25_7"
2,"Not Selected","BPC25_7"
1,"Selected","BPC25_8"
2,"Not Selected","BPC25_8"
1,"Selected","BPC25_9"
2,"Not Selected","BPC25_9"
1,"Selected","BPC26_1"
2,"Not Selected","BPC26_1"
1,"Selected","BPC26_2"
2,"Not Selected","BPC26_2"
1,"Selected","BPC26_3"
2,"Not Selected","BPC26_3"
1,"Selected","BPC26_4"
2,"Not Selected","BPC26_4"
1,"Selected","BPC26_5"
2,"Not Selected","BPC26_5"
1,"Selected","BPC26_6"
2,"Not Selected","BPC26_6"
1,"Selected","BPC26_7"
2,"Not Selected","BPC26_7"
1,"Selected","BPC26_8"
2,"Not Selected","BPC26_8"
1,"Selected","BPC26_9"
2,"Not Selected","BPC26_9"
1,"Selected","BPC27_1"
2,"Not Selected","BPC27_1"
1,"Selected","BPC27_2"
2,"Not Selected","BPC27_2"
1,"Selected","BPC27_3"
2,"Not Selected","BPC27_3"
1,"Selected","BPC27_4"
2,"Not Selected","BPC27_4"
1,"Selected","BPC27_5"
2,"Not Selected","BPC27_5"
1,"Selected","BPC27_6"
2,"Not Selected","BPC27_6"
1,"Selected","BPC27_7"
2,"Not Selected","BPC27_7"
1,"Selected","BPC27_8"
2,"Not Selected","BPC27_8"
1,"Selected","BPC27_9"
2,"Not Selected","BPC27_9"
1,"Selected","BPC27_10"
2,"Not Selected","BPC27_10"
1,"Selected","BPC27_11"
2,"Not Selected","BPC27_11"
1,"Selected","BPC27_12"
2,"Not Selected","BPC27_12"
1,"Rank 1","BPC27a_1"
2,"Rank 2","BPC27a_1"
3,"Rank 3","BPC27a_1"
4,"Rank 4","BPC27a_1"
5,"Rank 5","BPC27a_1"
6,"Rank 6","BPC27a_1"
7,"Rank 7","BPC27a_1"
8,"Rank 8","BPC27a_1"
9,"Rank 9","BPC27a_1"
10,"Rank 10","BPC27a_1"
1,"Rank 1","BPC27a_2"
2,"Rank 2","BPC27a_2"
3,"Rank 3","BPC27a_2"
4,"Rank 4","BPC27a_2"
5,"Rank 5","BPC27a_2"
6,"Rank 6","BPC27a_2"
7,"Rank 7","BPC27a_2"
8,"Rank 8","BPC27a_2"
9,"Rank 9","BPC27a_2"
10,"Rank 10","BPC27a_2"
1,"Rank 1","BPC27a_3"
2,"Rank 2","BPC27a_3"
3,"Rank 3","BPC27a_3"
4,"Rank 4","BPC27a_3"
5,"Rank 5","BPC27a_3"
6,"Rank 6","BPC27a_3"
7,"Rank 7","BPC27a_3"
8,"Rank 8","BPC27a_3"
9,"Rank 9","BPC27a_3"
10,"Rank 10","BPC27a_3"
1,"Rank 1","BPC27a_4"
2,"Rank 2","BPC27a_4"
3,"Rank 3","BPC27a_4"
4,"Rank 4","BPC27a_4"
5,"Rank 5","BPC27a_4"
6,"Rank 6","BPC27a_4"
7,"Rank 7","BPC27a_4"
8,"Rank 8","BPC27a_4"
9,"Rank 9","BPC27a_4"
10,"Rank 10","BPC27a_4"
1,"Rank 1","BPC27a_5"
2,"Rank 2","BPC27a_5"
3,"Rank 3","BPC27a_5"
4,"Rank 4","BPC27a_5"
5,"Rank 5","BPC27a_5"
6,"Rank 6","BPC27a_5"
7,"Rank 7","BPC27a_5"
8,"Rank 8","BPC27a_5"
9,"Rank 9","BPC27a_5"
10,"Rank 10","BPC27a_5"
1,"Rank 1","BPC27a_6"
2,"Rank 2","BPC27a_6"
3,"Rank 3","BPC27a_6"
4,"Rank 4","BPC27a_6"
5,"Rank 5","BPC27a_6"
6,"Rank 6","BPC27a_6"
7,"Rank 7","BPC27a_6"
8,"Rank 8","BPC27a_6"
9,"Rank 9","BPC27a_6"
10,"Rank 10","BPC27a_6"
1,"Rank 1","BPC27a_7"
2,"Rank 2","BPC27a_7"
3,"Rank 3","BPC27a_7"
4,"Rank 4","BPC27a_7"
5,"Rank 5","BPC27a_7"
6,"Rank 6","BPC27a_7"
7,"Rank 7","BPC27a_7"
8,"Rank 8","BPC27a_7"
9,"Rank 9","BPC27a_7"
10,"Rank 10","BPC27a_7"
1,"Rank 1","BPC27a_8"
2,"Rank 2","BPC27a_8"
3,"Rank 3","BPC27a_8"
4,"Rank 4","BPC27a_8"
5,"Rank 5","BPC27a_8"
6,"Rank 6","BPC27a_8"
7,"Rank 7","BPC27a_8"
8,"Rank 8","BPC27a_8"
9,"Rank 9","BPC27a_8"
10,"Rank 10","BPC27a_8"
1,"Rank 1","BPC27a_9"
2,"Rank 2","BPC27a_9"
3,"Rank 3","BPC27a_9"
4,"Rank 4","BPC27a_9"
5,"Rank 5","BPC27a_9"
6,"Rank 6","BPC27a_9"
7,"Rank 7","BPC27a_9"
8,"Rank 8","BPC27a_9"
9,"Rank 9","BPC27a_9"
10,"Rank 10","BPC27a_9"
1,"Rank 1","BPC27a_10"
2,"Rank 2","BPC27a_10"
3,"Rank 3","BPC27a_10"
4,"Rank 4","BPC27a_10"
5,"Rank 5","BPC27a_10"
6,"Rank 6","BPC27a_10"
7,"Rank 7","BPC27a_10"
8,"Rank 8","BPC27a_10"
9,"Rank 9","BPC27a_10"
10,"Rank 10","BPC27a_10"
1,"Selected","BPC28_1"
2,"Not Selected","BPC28_1"
1,"Selected","BPC28_2"
2,"Not Selected","BPC28_2"
1,"Selected","BPC28_3"
2,"Not Selected","BPC28_3"
1,"Selected","BPC28_4"
2,"Not Selected","BPC28_4"
1,"Selected","BPC28_5"
2,"Not Selected","BPC28_5"
1,"Selected","BPC28_6"
2,"Not Selected","BPC28_6"
1,"Selected","BPC28_7"
2,"Not Selected","BPC28_7"
1,"Selected","BPC28_8"
2,"Not Selected","BPC28_8"
1,"Selected","BPC28_9"
2,"Not Selected","BPC28_9"
1,"Selected","BPC28_10"
2,"Not Selected","BPC28_10"
1,"Selected","BPC28_11"
2,"Not Selected","BPC28_11"
1,"Selected","BPC28_12"
2,"Not Selected","BPC28_12"
1,"Rank 1","BPC28a_1"
2,"Rank 2","BPC28a_1"
3,"Rank 3","BPC28a_1"
4,"Rank 4","BPC28a_1"
5,"Rank 5","BPC28a_1"
6,"Rank 6","BPC28a_1"
7,"Rank 7","BPC28a_1"
8,"Rank 8","BPC28a_1"
9,"Rank 9","BPC28a_1"
10,"Rank 10","BPC28a_1"
1,"Rank 1","BPC28a_2"
2,"Rank 2","BPC28a_2"
3,"Rank 3","BPC28a_2"
4,"Rank 4","BPC28a_2"
5,"Rank 5","BPC28a_2"
6,"Rank 6","BPC28a_2"
7,"Rank 7","BPC28a_2"
8,"Rank 8","BPC28a_2"
9,"Rank 9","BPC28a_2"
10,"Rank 10","BPC28a_2"
1,"Rank 1","BPC28a_3"
2,"Rank 2","BPC28a_3"
3,"Rank 3","BPC28a_3"
4,"Rank 4","BPC28a_3"
5,"Rank 5","BPC28a_3"
6,"Rank 6","BPC28a_3"
7,"Rank 7","BPC28a_3"
8,"Rank 8","BPC28a_3"
9,"Rank 9","BPC28a_3"
10,"Rank 10","BPC28a_3"
1,"Rank 1","BPC28a_4"
2,"Rank 2","BPC28a_4"
3,"Rank 3","BPC28a_4"
4,"Rank 4","BPC28a_4"
5,"Rank 5","BPC28a_4"
6,"Rank 6","BPC28a_4"
7,"Rank 7","BPC28a_4"
8,"Rank 8","BPC28a_4"
9,"Rank 9","BPC28a_4"
10,"Rank 10","BPC28a_4"
1,"Rank 1","BPC28a_5"
2,"Rank 2","BPC28a_5"
3,"Rank 3","BPC28a_5"
4,"Rank 4","BPC28a_5"
5,"Rank 5","BPC28a_5"
6,"Rank 6","BPC28a_5"
7,"Rank 7","BPC28a_5"
8,"Rank 8","BPC28a_5"
9,"Rank 9","BPC28a_5"
10,"Rank 10","BPC28a_5"
1,"Rank 1","BPC28a_6"
2,"Rank 2","BPC28a_6"
3,"Rank 3","BPC28a_6"
4,"Rank 4","BPC28a_6"
5,"Rank 5","BPC28a_6"
6,"Rank 6","BPC28a_6"
7,"Rank 7","BPC28a_6"
8,"Rank 8","BPC28a_6"
9,"Rank 9","BPC28a_6"
10,"Rank 10","BPC28a_6"
1,"Rank 1","BPC28a_7"
2,"Rank 2","BPC28a_7"
3,"Rank 3","BPC28a_7"
4,"Rank 4","BPC28a_7"
5,"Rank 5","BPC28a_7"
6,"Rank 6","BPC28a_7"
7,"Rank 7","BPC28a_7"
8,"Rank 8","BPC28a_7"
9,"Rank 9","BPC28a_7"
10,"Rank 10","BPC28a_7"
1,"Rank 1","BPC28a_8"
2,"Rank 2","BPC28a_8"
3,"Rank 3","BPC28a_8"
4,"Rank 4","BPC28a_8"
5,"Rank 5","BPC28a_8"
6,"Rank 6","BPC28a_8"
7,"Rank 7","BPC28a_8"
8,"Rank 8","BPC28a_8"
9,"Rank 9","BPC28a_8"
10,"Rank 10","BPC28a_8"
1,"Rank 1","BPC28a_9"
2,"Rank 2","BPC28a_9"
3,"Rank 3","BPC28a_9"
4,"Rank 4","BPC28a_9"
5,"Rank 5","BPC28a_9"
6,"Rank 6","BPC28a_9"
7,"Rank 7","BPC28a_9"
8,"Rank 8","BPC28a_9"
9,"Rank 9","BPC28a_9"
10,"Rank 10","BPC28a_9"
1,"Rank 1","BPC28a_10"
2,"Rank 2","BPC28a_10"
3,"Rank 3","BPC28a_10"
4,"Rank 4","BPC28a_10"
5,"Rank 5","BPC28a_10"
6,"Rank 6","BPC28a_10"
7,"Rank 7","BPC28a_10"
8,"Rank 8","BPC28a_10"
9,"Rank 9","BPC28a_10"
10,"Rank 10","BPC28a_10"
1,"I visit my local (town, city, county) or state election office's website","BPC29"
2,"I call my local (town, city, county) or state election office on the phone","BPC29"
3,"I visit my local (town, city, county) or state election office in person","BPC29"
4,"Other, please specify","BPC29"
5,"Don't know","BPC29"
1,"I would visit my local (town, city, county) or state election office's website","BPC30"
2,"I would call my local (town, city, county) or state election office on the phone","BPC30"
3,"I would visit my local (town, city, county) or state election office in person","BPC30"
4,"Other, please specify","BPC30"
5,"Don't know","BPC30"
1,"Selected","BPC31_1"
2,"Not Selected","BPC31_1"
1,"Selected","BPC31_2"
2,"Not Selected","BPC31_2"
1,"Selected","BPC31_3"
2,"Not Selected","BPC31_3"
1,"Selected","BPC31_4"
2,"Not Selected","BPC31_4"
1,"Selected","BPC31_5"
2,"Not Selected","BPC31_5"
1,"Selected","BPC31_6"
2,"Not Selected","BPC31_6"
1,"Selected","BPC31_7"
2,"Not Selected","BPC31_7"
1,"Selected","BPC31_8"
2,"Not Selected","BPC31_8"
1,"Selected","BPC31_9"
2,"Not Selected","BPC31_9"
1,"Selected","BPC31_10"
2,"Not Selected","BPC31_10"
1,"Selected","BPC31_11"
2,"Not Selected","BPC31_11"
1,"Selected","BPC31_12"
2,"Not Selected","BPC31_12"
1,"Selected","BPC31_13"
2,"Not Selected","BPC31_13"
1,"Selected","BPC31_14"
2,"Not Selected","BPC31_14"
1,"Selected","BPC31_15"
2,"Not Selected","BPC31_15"
1,"Selected","BPC31_16"
2,"Not Selected","BPC31_16"
1,"Selected","BPC32_1"
2,"Not Selected","BPC32_1"
1,"Selected","BPC32_2"
2,"Not Selected","BPC32_2"
1,"Selected","BPC32_3"
2,"Not Selected","BPC32_3"
1,"Selected","BPC32_4"
2,"Not Selected","BPC32_4"
1,"Selected","BPC32_5"
2,"Not Selected","BPC32_5"
1,"Selected","BPC32_6"
2,"Not Selected","BPC32_6"
1,"Selected","BPC32_7"
2,"Not Selected","BPC32_7"
1,"Selected","BPC32_8"
2,"Not Selected","BPC32_8"
1,"Selected","BPC32_9"
2,"Not Selected","BPC32_9"
1,"Selected","BPC32_10"
2,"Not Selected","BPC32_10"
1,"Selected","BPC32_11"
2,"Not Selected","BPC32_11"
1,"Selected","BPC32_12"
2,"Not Selected","BPC32_12"
1,"Selected","BPC32_13"
2,"Not Selected","BPC32_13"
1,"Selected","BPC32_14"
2,"Not Selected","BPC32_14"
1,"Selected","BPC32_15"
2,"Not Selected","BPC32_15"
1,"Selected","BPC32_16"
2,"Not Selected","BPC32_16"
1,"Selected","BPC33_1"
2,"Not Selected","BPC33_1"
1,"Selected","BPC33_2"
2,"Not Selected","BPC33_2"
1,"Selected","BPC33_3"
2,"Not Selected","BPC33_3"
1,"Selected","BPC33_4"
2,"Not Selected","BPC33_4"
1,"Selected","BPC33_5"
2,"Not Selected","BPC33_5"
1,"Selected","BPC33_6"
2,"Not Selected","BPC33_6"
1,"Selected","BPC33_7"
2,"Not Selected","BPC33_7"
1,"Selected","BPC33_8"
2,"Not Selected","BPC33_8"
1,"Selected","BPC33_9"
2,"Not Selected","BPC33_9"
1,"Selected","BPC34_1"
2,"Not Selected","BPC34_1"
1,"Selected","BPC34_2"
2,"Not Selected","BPC34_2"
1,"Selected","BPC34_3"
2,"Not Selected","BPC34_3"
1,"Selected","BPC34_4"
2,"Not Selected","BPC34_4"
1,"Selected","BPC34_5"
2,"Not Selected","BPC34_5"
1,"Selected","BPC34_6"
2,"Not Selected","BPC34_6"
1,"Selected","BPC34_7"
2,"Not Selected","BPC34_7"
1,"Selected","BPC34_8"
2,"Not Selected","BPC34_8"
1,"Selected","BPC34_9"
2,"Not Selected","BPC34_9"
1,"Almost all of it","BPC35"
2,"Most of it","BPC35"
3,"Some of it","BPC35"
4,"Very little of it","BPC35"
5,"None of it","BPC35"
6,"Don't know","BPC35"
1,"Only around major election dates or deadlines (e.g. Voter registration deadlines, Election Day)","BPC36"
2,"A few times in the weeks around major election dates or deadlines","BPC36"
3,"Regularly in the weeks around major election dates or deadlines","BPC36"
4,"Consistently throughout the year","BPC36"
5,"Never","BPC36"
1,"Very confident","BPC37"
2,"Somewhat confident","BPC37"
3,"Not too confident","BPC37"
4,"Not confident at all","BPC37"
5,"Don't know","BPC37"
1,"Very good thing","BPC38_1"
2,"Somewhat good thing","BPC38_1"
3,"Neither good nor bad thing","BPC38_1"
4,"Somewhat bad thing","BPC38_1"
5,"Very bad thing","BPC38_1"
6,"Don't know","BPC38_1"
1,"Very good thing","BPC38_2"
2,"Somewhat good thing","BPC38_2"
3,"Neither good nor bad thing","BPC38_2"
4,"Somewhat bad thing","BPC38_2"
5,"Very bad thing","BPC38_2"
6,"Don't know","BPC38_2"
1,"Very good thing","BPC38_3"
2,"Somewhat good thing","BPC38_3"
3,"Neither good nor bad thing","BPC38_3"
4,"Somewhat bad thing","BPC38_3"
5,"Very bad thing","BPC38_3"
6,"Don't know","BPC38_3"
1,"Very good thing","BPC38_4"
2,"Somewhat good thing","BPC38_4"
3,"Neither good nor bad thing","BPC38_4"
4,"Somewhat bad thing","BPC38_4"
5,"Very bad thing","BPC38_4"
6,"Don't know","BPC38_4"
1,"Very good thing","BPC38_5"
2,"Somewhat good thing","BPC38_5"
3,"Neither good nor bad thing","BPC38_5"
4,"Somewhat bad thing","BPC38_5"
5,"Very bad thing","BPC38_5"
6,"Don't know","BPC38_5"
1,"Very good thing","BPC38_6"
2,"Somewhat good thing","BPC38_6"
3,"Neither good nor bad thing","BPC38_6"
4,"Somewhat bad thing","BPC38_6"
5,"Very bad thing","BPC38_6"
6,"Don't know","BPC38_6"
1,"Very good thing","BPC38_7"
2,"Somewhat good thing","BPC38_7"
3,"Neither good nor bad thing","BPC38_7"
4,"Somewhat bad thing","BPC38_7"
5,"Very bad thing","BPC38_7"
6,"Don't know","BPC38_7"
1,"Very good thing","BPC38_8"
2,"Somewhat good thing","BPC38_8"
3,"Neither good nor bad thing","BPC38_8"
4,"Somewhat bad thing","BPC38_8"
5,"Very bad thing","BPC38_8"
6,"Don't know","BPC38_8"
1,"Very good thing","BPC38_9"
2,"Somewhat good thing","BPC38_9"
3,"Neither good nor bad thing","BPC38_9"
4,"Somewhat bad thing","BPC38_9"
5,"Very bad thing","BPC38_9"
6,"Don't know","BPC38_9"
1,"Very good thing","BPC38_10"
2,"Somewhat good thing","BPC38_10"
3,"Neither good nor bad thing","BPC38_10"
4,"Somewhat bad thing","BPC38_10"
5,"Very bad thing","BPC38_10"
6,"Don't know","BPC38_10"
1,"Strongly agree","BPC39"
2,"Somewhat agree","BPC39"
3,"Neither agree nor disagree","BPC39"
4,"Somewhat disagree","BPC39"
5,"Strongly disagree","BPC39"
6,"Don't know / No opinion","BPC39"
1,"Very confident","BPC40"
2,"Somewhat confident","BPC40"
3,"Not too confident","BPC40"
4,"Not confident at all","BPC40"
5,"I do not plan to vote in the November 2026 midterm elections","BPC40"
6,"Don't know / No opinion","BPC40"
1,"Very confident","BPC41"
2,"Somewhat confident","BPC41"
3,"Not too confident","BPC41"
4,"Not confident at all","BPC41"
5,"Don't know / No opinion","BPC41"
1,"Very confident","BPC42"
2,"Somewhat confident","BPC42"
3,"Not too confident","BPC42"
4,"Not confident at all","BPC42"
5,"Don't know / No opinion","BPC42"
1,"Very confident","BPC43"
2,"Somewhat confident","BPC43"
3,"Not too confident","BPC43"
4,"Not confident at all","BPC43"
5,"Don't know / No opinion","BPC43"
1,"Very concerned","BPC44_1"
2,"Somewhat concerned","BPC44_1"
3,"Not too concerned","BPC44_1"
4,"Not concerned at all","BPC44_1"
5,"Don't know / No opinion","BPC44_1"
1,"Very concerned","BPC44_2"
2,"Somewhat concerned","BPC44_2"
3,"Not too concerned","BPC44_2"
4,"Not concerned at all","BPC44_2"
5,"Don't know / No opinion","BPC44_2"
1,"Very concerned","BPC44_3"
2,"Somewhat concerned","BPC44_3"
3,"Not too concerned","BPC44_3"
4,"Not concerned at all","BPC44_3"
5,"Don't know / No opinion","BPC44_3"
1,"Very concerned","BPC44_4"
2,"Somewhat concerned","BPC44_4"
3,"Not too concerned","BPC44_4"
4,"Not concerned at all","BPC44_4"
5,"Don't know / No opinion","BPC44_4"
1,"Very concerned","BPC44_5"
2,"Somewhat concerned","BPC44_5"
3,"Not too concerned","BPC44_5"
4,"Not concerned at all","BPC44_5"
5,"Don't know / No opinion","BPC44_5"
1,"Very concerned","BPC44_6"
2,"Somewhat concerned","BPC44_6"
3,"Not too concerned","BPC44_6"
4,"Not concerned at all","BPC44_6"
5,"Don't know / No opinion","BPC44_6"
1,"Very concerned","BPC44_7"
2,"Somewhat concerned","BPC44_7"
3,"Not too concerned","BPC44_7"
4,"Not concerned at all","BPC44_7"
5,"Don't know / No opinion","BPC44_7"
1,"Very concerned","BPC44_8"
2,"Somewhat concerned","BPC44_8"
3,"Not too concerned","BPC44_8"
4,"Not concerned at all","BPC44_8"
5,"Don't know / No opinion","BPC44_8"
1,"Very concerned","BPC44_9"
2,"Somewhat concerned","BPC44_9"
3,"Not too concerned","BPC44_9"
4,"Not concerned at all","BPC44_9"
5,"Don't know / No opinion","BPC44_9"
1,"Very concerned","BPC44_10"
2,"Somewhat concerned","BPC44_10"
3,"Not too concerned","BPC44_10"
4,"Not concerned at all","BPC44_10"
5,"Don't know / No opinion","BPC44_10"
1,"Very concerned","BPC44_11"
2,"Somewhat concerned","BPC44_11"
3,"Not too concerned","BPC44_11"
4,"Not concerned at all","BPC44_11"
5,"Don't know / No opinion","BPC44_11"
1,"Very concerned","BPC44_12"
2,"Somewhat concerned","BPC44_12"
3,"Not too concerned","BPC44_12"
4,"Not concerned at all","BPC44_12"
5,"Don't know / No opinion","BPC44_12"
1,"Very concerned","BPC44_13"
2,"Somewhat concerned","BPC44_13"
3,"Not too concerned","BPC44_13"
4,"Not concerned at all","BPC44_13"
5,"Don't know / No opinion","BPC44_13"
1,"Very concerned","BPC44_14"
2,"Somewhat concerned","BPC44_14"
3,"Not too concerned","BPC44_14"
4,"Not concerned at all","BPC44_14"
5,"Don't know / No opinion","BPC44_14"
1,"Very frequently","BPC45"
2,"Frequently","BPC45"
3,"Occasionally","BPC45"
4,"Rarely","BPC45"
5,"Never","BPC45"
6,"Don't know","BPC45"
1,"Yes","BPC46"
2,"No","BPC46"
3,"Don't know","BPC46"
1,"Passing laws that make it easier for eligible voters to vote in elections","BPC47"
2,"Passing laws that make it harder for ineligible voters to vote in elections","BPC47"
3,"Don't know / No opinion","BPC47"
1,"Strongly support","BPC48"
2,"Somewhat support","BPC48"
3,"Neither support nor oppose","BPC48"
4,"Somewhat oppose","BPC48"
5,"Strongly oppose","BPC48"
6,"Don't know / No opinion","BPC48"
1,"Gender: Male","xdemGender"
2,"Gender: Female","xdemGender"
1,"Age: 18-34","age"
2,"Age: 35-44","age"
3,"Age: 45-64","age"
4,"Age: 65+","age"
1,"GenZers: 1997-2012","demAgeGeneration"
2,"Millennials: 1981-1996","demAgeGeneration"
3,"GenXers: 1965-1980","demAgeGeneration"
4,"Baby Boomers: 1946-1964","demAgeGeneration"
1,"PID: Dem (no lean)","xpid3"
2,"PID: Ind (no lean)","xpid3"
3,"PID: Rep (no lean)","xpid3"
1,"PID/Gender: Dem Men","xpidGender"
2,"PID/Gender: Dem Women","xpidGender"
3,"PID/Gender: Ind Men","xpidGender"
4,"PID/Gender: Ind Women","xpidGender"
5,"PID/Gender: Rep Men","xpidGender"
6,"PID/Gender: Rep Women","xpidGender"
1,"Ideo: Liberal (1-3)","xdemIdeo3"
2,"Ideo: Moderate (4)","xdemIdeo3"
3,"Ideo: Conservative (5-7)","xdemIdeo3"
1,"Educ: < College","xeduc3"
2,"Educ: Bachelors degree","xeduc3"
3,"Educ: Post-grad","xeduc3"
1,"Income: Under 50k","xdemInc3_us"
2,"Income: 50k-100k","xdemInc3_us"
3,"Income: 100k+","xdemInc3_us"
1,"Ethnicity: White","xdemWhite"
1,"Ethnicity: Hispanic","xdemHispBin"
1,"Ethnicity: Black","demBlackBin"
1,"Ethnicity: Other","demRaceOther"
1,"Community: Urban","xdemUsr"
2,"Community: Suburban","xdemUsr"
3,"Community: Rural","xdemUsr"
1,"Employ: Private Sector","xdemEmploy"
2,"Employ: Government","xdemEmploy"
3,"Employ: Self-Employed","xdemEmploy"
4,"Employ: Homemaker","xdemEmploy"
5,"Employ: Student","xdemEmploy"
6,"Employ: Retired","xdemEmploy"
7,"Employ: Unemployed","xdemEmploy"
8,"Employ: Other","xdemEmploy"
1,"Yes","demUnion"
2,"No","demUnion"
1,"2024 Vote: Kamala Harris","xsubVote24O"
2,"2024 Vote: Donald Trump","xsubVote24O"
3,"2024 Vote: Other","xsubVote24O"
4,"2024 Vote: Didn't Vote","xsubVote24O"
1,"4-Region: Northeast","xreg4"
2,"4-Region: Midwest","xreg4"
3,"4-Region: South","xreg4"
4,"4-Region: West","xreg4"
1,"Protestant","demRelig"
2,"Roman Catholic","demRelig"
3,"Mormon","demRelig"
4,"Orthodox (e.g. Greek or Russian Orthodox)","demRelig"
5,"Jewish","demRelig"
6,"Muslim","demRelig"
7,"Buddhist","demRelig"
8,"Hindu","demRelig"
9,"Atheist","demRelig"
10,"Agnostic","demRelig"
11,"Something else","demRelig"
12,"Nothing in particular","demRelig"
1,"Yes","demEvang"
2,"No","demEvang"
1,"Yes","MCEP7"
2,"No","MCEP7"
1,"Right Direction","nr1"
2,"Wrong Track","nr1"
1,"Economic Issues – like taxes, wages, jobs, unemployment, and spending","nr3"
2,"Security Issues – like terrorism, foreign policy, and border security","nr3"
3,"Health Care Issues – like the 2010 health care law, Medicaid, other challenges","nr3"
4,"Seniors Issues – like Medicare and Social Security","nr3"
5,"Women's Issues – like birth control, abortion, and equal pay","nr3"
6,"Education Issues – like school standards, class sizes, school choice, and student loans","nr3"
7,"Energy Issues – like carbon emissions, cost of electricity/gasoline, or renewables","nr3"
8,"Other:","nr3"
1,"Heterosexual or straight","demLGBTQ1"
2,"Gay","demLGBTQ1"
3,"Lesbian","demLGBTQ1"
4,"Bisexual","demLGBTQ1"
5,"Queer","demLGBTQ1"
6,"Asexual","demLGBTQ1"
7,"Something else","demLGBTQ1"
1,"Yes","demLGBTQ2"
2,"No","demLGBTQ2"
1,"Covered by health insurance","demInsured"
2,"Not covered by health insurance","demInsured"
1,"Plan through your/your spouse's employer","demInsType"
2,"Plan through your/your spouse's union","demInsType"
3,"Plan through your parent or guardian","demInsType"
4,"Plan you purchased by yourself","demInsType"
5,"Medicare for seniors","demInsType"
6,"Medicaid or another government subsidized plan","demInsType"
7,"Military or veterans benefits","demInsType"
1,"Likely Midterm Voters","BPCxdem1"
1,"MAGA Republicans","BPCxdem2"
1,"Progressive Democrats","BPCxdem3"
1,"the Democratic Party","demPidClos"
2,"the Republican Party","demPidClos"
3,"Neither Party","demPidClos"
1,"Strong ${q://QID70/ChoiceGroup/SelectedChoices}","demPidLean"
2,"Not very strong ${q://QID70/ChoiceGroup/SelectedChoices}","demPidLean"
1,"18","xdemRealAge"
2,"19","xdemRealAge"
3,"20","xdemRealAge"
4,"21","xdemRealAge"
5,"22","xdemRealAge"
6,"23","xdemRealAge"
7,"24","xdemRealAge"
8,"25","xdemRealAge"
9,"26","xdemRealAge"
10,"27","xdemRealAge"
11,"28","xdemRealAge"
12,"29","xdemRealAge"
13,"30","xdemRealAge"
14,"31","xdemRealAge"
15,"32","xdemRealAge"
16,"33","xdemRealAge"
17,"34","xdemRealAge"
18,"35","xdemRealAge"
19,"36","xdemRealAge"
20,"37","xdemRealAge"
21,"38","xdemRealAge"
22,"39","xdemRealAge"
23,"40","xdemRealAge"
24,"41","xdemRealAge"
25,"42","xdemRealAge"
26,"43","xdemRealAge"
27,"44","xdemRealAge"
28,"45","xdemRealAge"
29,"46","xdemRealAge"
30,"47","xdemRealAge"
31,"48","xdemRealAge"
32,"49","xdemRealAge"
33,"50","xdemRealAge"
34,"51","xdemRealAge"
35,"52","xdemRealAge"
36,"53","xdemRealAge"
37,"54","xdemRealAge"
38,"55","xdemRealAge"
39,"56","xdemRealAge"
40,"57","xdemRealAge"
41,"58","xdemRealAge"
42,"59","xdemRealAge"
43,"60","xdemRealAge"
44,"61","xdemRealAge"
45,"62","xdemRealAge"
46,"63","xdemRealAge"
47,"64","xdemRealAge"
48,"65","xdemRealAge"
49,"66","xdemRealAge"
50,"67","xdemRealAge"
51,"68","xdemRealAge"
52,"69","xdemRealAge"
53,"70","xdemRealAge"
54,"71","xdemRealAge"
55,"72","xdemRealAge"
56,"73","xdemRealAge"
57,"74","xdemRealAge"
58,"75","xdemRealAge"
59,"76","xdemRealAge"
60,"77","xdemRealAge"
61,"78","xdemRealAge"
62,"79","xdemRealAge"
63,"80","xdemRealAge"
64,"81","xdemRealAge"
65,"82","xdemRealAge"
66,"83","xdemRealAge"
67,"84","xdemRealAge"
68,"85","xdemRealAge"
69,"86","xdemRealAge"
70,"87","xdemRealAge"
71,"88","xdemRealAge"
72,"89","xdemRealAge"
73,"90","xdemRealAge"
74,"92","xdemRealAge"
1,"Under 20 thousand dollars","demInc"
2,"20 to under 35 thousand","demInc"
3,"35 to under 50 thousand","demInc"
4,"50 to under 75 thousand","demInc"
5,"75 to under 100 thousand","demInc"
6,"100 thousand or more","demInc"
1,"100 to under 150 thousand","demInc2"
2,"150 to under 200 thousand","demInc2"
3,"200 to under 250 thousand","demInc2"
4,"250 thousand or more","demInc2"
1,"American Indian","demRace"
2,"Asian American","demRace"
3,"Black","demRace"
4,"White","demRace"
5,"Other","demRace"
1,"Alabama","demState"
2,"Alaska","demState"
3,"Arizona","demState"
4,"Arkansas","demState"
5,"California","demState"
6,"Colorado","demState"
7,"Connecticut","demState"
8,"Delaware","demState"
9,"District of Columbia","demState"
10,"Florida","demState"
11,"Georgia","demState"
12,"Hawaii","demState"
13,"Idaho","demState"
14,"Illinois","demState"
15,"Indiana","demState"
16,"Iowa","demState"
17,"Kansas","demState"
18,"Kentucky","demState"
19,"Louisiana","demState"
20,"Maine","demState"
21,"Maryland","demState"
22,"Massachusetts","demState"
23,"Michigan","demState"
24,"Minnesota","demState"
25,"Mississippi","demState"
26,"Missouri","demState"
27,"Montana","demState"
28,"Nebraska","demState"
29,"Nevada","demState"
30,"New Hampshire","demState"
31,"New Jersey","demState"
32,"New Mexico","demState"
33,"New York","demState"
34,"North Carolina","demState"
35,"North Dakota","demState"
36,"Ohio","demState"
37,"Oklahoma","demState"
38,"Oregon","demState"
39,"Pennsylvania","demState"
40,"Rhode Island","demState"
41,"South Carolina","demState"
42,"South Dakota","demState"
43,"Tennessee","demState"
44,"Texas","demState"
45,"Utah","demState"
46,"Vermont","demState"
47,"Virginia","demState"
48,"Washington","demState"
49,"West Virginia","demState"
50,"Wisconsin","demState"
51,"Wyoming","demState"
52,"I do not live in the continental United States","demState"
1,"Single, never married","demMarital"
2,"Married","demMarital"
3,"Separated","demMarital"
4,"Divorced","demMarital"
5,"Widowed","demMarital"
6,"Living with a partner","demMarital"
1,"Married: Yes","xdemMarried"
2,"Married: No","xdemMarried"
1,"Full-time","Q156"
2,"Part-time","Q156"
3,"Don't Know","Q156"
1,"None, or grade 1-8","demEduFull"
2,"High school incomplete (grades 9-11)","demEduFull"
3,"High school diploma or equivalent, no further schooling","demEduFull"
4,"Technical or vocational school after high school","demEduFull"
5,"Some college, no degree","demEduFull"
6,"Associate's or two-year college degree","demEduFull"
7,"Four-year college degree","demEduFull"
8,"Graduate or professional school after college, no degree","demEduFull"
9,"Graduate or professional degree","demEduFull"
1,"Insurance: Has Health Insurance","xdemInsured"
2,"Insurance: No Health Insurance","xdemInsured"
1,"Very liberal","demPolIdeo"
2,"Liberal","demPolIdeo"
3,"Slightly liberal","demPolIdeo"
4,"Moderate","demPolIdeo"
5,"Slightly conservative","demPolIdeo"
6,"Conservative","demPolIdeo"
7,"Very conservative","demPolIdeo"
8,"Don't Know","demPolIdeo"
1,"NO TEXT","wts"
