"item","Dem","Rep","mid_pct","diff"
"Inaccurate or Misleading Election Information",74.3283781258181,71.3163618358237,72.8223699808209,3.01201628999439
"AI Used to Spread Disinformation",78.1003520635527,75.3091325573553,76.704742310454,2.79121950619742
"Foreign Interference",63.7772975075785,65.3040682792842,64.5406828934313,1.52677077170573
"Ineligible Votes Being Counted",47.2045021820478,73.2777887903792,60.2411454862135,26.0732866083314
"Attempts to Overturn a Fair Election's Results",75.9667420881091,62.0575348754301,69.0121384817696,13.909207212679
"Biased or Inaccurate Ballot Counting",62.2027315844273,70.4914513055053,66.3470914449663,8.288719721078
"Illegal or Improper Mail Ballot/Drop Box Use",51.0141159767577,73.1809845505666,62.0975502636622,22.1668685738089
"Guns, Violence, or Intimidation at Voting Locations",64.6633627010316,47.931282154949,56.2973224279903,16.7320805460826
"Violence or Unrest After Election Day",63.4567990965339,57.2128604933127,60.3348297949233,6.24393860322121
"Long Lines or Equipment Problems at Polls",62.9515255544011,51.6002802334211,57.2759028939111,11.35124532098
"ICE/Federal Law Enforcement in Your Community",75.3237562764964,38.9354522504077,57.1296042634521,36.3883040260887
"Federal/State Seizure of Ballots or Voting Machines",70.2037973694732,47.4346666814682,58.8192320254707,22.769130688005
"Eligible Voters Blocked From Voting",71.461632802438,52.5932429300426,62.0274378662403,18.8683898723954
"Unfair District Lines Distorting Outcomes",72.339653727953,62.674863252983,67.507258490468,9.66479047497
