"item","pct_2024","pct_2026","ci_low_2024","ci_low_2026","ci_high_2024","ci_high_2026","n_2024","n_2026"
"Inaccurate or Misleading Election Information",76.8578241664433,72.6189392448335,74.1385540786854,70.573242443631,79.3707288429048,74.5736598013136,1755,2896
"AI Used to Spread Disinformation",77.0048148550188,77.3264168817063,74.2404568833415,75.3854611682373,79.5542170845928,79.1566378779803,1737,2886
"Foreign Interference",66.7718127237159,63.6985701699216,63.7208329697141,61.4859128051878,69.688266958943,65.8547024288261,1735,2856
"Ineligible Votes Being Counted",59.0767747306374,59.8417236447358,55.9870176672213,57.6275839226574,62.0964729767015,62.0164243105597,1749,2891
"Attempts to Overturn a Fair Election's Results",71.2766443158981,68.0970799595585,68.3924660814265,65.9593143800151,73.997701336108,70.161326271246,1738,2883
"Biased or Inaccurate Ballot Counting",61.6743671617252,65.4500561201911,58.5975633016904,63.2849005892341,64.6604169410339,67.5529933573477,1753,2881
"Illegal or Improper Mail Ballot/Drop Box Use",60.4452350446477,61.3235747434919,57.3593360153523,59.1106284106735,63.450113383683,63.4907279542044,1759,2883
"Guns, Violence, or Intimidation at Voting Locations",56.1851863706811,54.8886701626851,53.0674747388782,52.6618552975792,59.2548073478727,57.0960753394535,1755,2894
"Violence or Unrest After Election Day",69.5214905634919,60.0384096778888,66.5277510632323,57.8162306219969,72.3587212403548,62.2200211238439,1746,2887
"Long Lines or Equipment Problems at Polls",43.8261834790599,55.8272751180778,40.7378641803921,53.5907778873703,46.9630920263386,58.0403804569228,1752,2907
"ICE/Federal Law Enforcement in Your Community",NA,56.1235595942448,NA,53.8990468020036,NA,58.32373080814,NA,2904
"Federal/State Seizure of Ballots or Voting Machines",NA,57.328187823512,NA,55.073817500556,NA,59.5525152867599,NA,2856
"Eligible Voters Blocked From Voting",NA,61.8880789533208,NA,59.6810429936369,NA,64.0470822625866,NA,2901
"Unfair District Lines Distorting Outcomes",NA,67.8556973537548,NA,65.6734720666233,NA,69.962644361823,NA,2866
