"item","pct","ci_low","ci_high","n"
"Inaccurate or Misleading Election Information",72.6189392448335,70.573242443631,74.5736598013136,2896
"AI Used to Spread Disinformation",77.3264168817063,75.3854611682373,79.1566378779803,2886
"Foreign Interference",63.6985701699216,61.4859128051878,65.8547024288261,2856
"Ineligible Votes Being Counted",59.8417236447358,57.6275839226574,62.0164243105597,2891
"Attempts to Overturn a Fair Election's Results",68.0970799595585,65.9593143800151,70.161326271246,2883
"Biased or Inaccurate Ballot Counting",65.4500561201911,63.2849005892341,67.5529933573477,2881
"Illegal or Improper Mail Ballot/Drop Box Use",61.3235747434919,59.1106284106735,63.4907279542044,2883
"Guns, Violence, or Intimidation at Voting Locations",54.8886701626851,52.6618552975792,57.0960753394535,2894
"Violence or Unrest After Election Day",60.0384096778888,57.8162306219969,62.2200211238439,2887
"Long Lines or Equipment Problems at Polls",55.8272751180778,53.5907778873703,58.0403804569228,2907
"ICE/Federal Law Enforcement in Your Community",56.1235595942448,53.8990468020036,58.32373080814,2904
"Federal/State Seizure of Ballots or Voting Machines",57.328187823512,55.073817500556,59.5525152867599,2856
"Eligible Voters Blocked From Voting",61.8880789533208,59.6810429936369,64.0470822625866,2901
"Unfair District Lines Distorting Outcomes",67.8556973537548,65.6734720666233,69.962644361823,2866
