"item","year","Dem","Rep"
"Your Own Vote","2022",93.4104547593663,71.3782775932262
"Your Own Vote","2024",92.1609585563372,74.5727121576542
"Your Own Vote","2026",86.590917688453,86.034325938457
"Votes in Your County/City","2022",93.2895574217958,72.8412399612734
"Votes in Your County/City","2024",93.7089842628261,76.9627302725436
"Votes in Your County/City","2026",89.3121499563415,87.4219269341225
"Votes in Your State","2022",93.0705827628211,68.7684164308376
"Votes in Your State","2024",91.4091886669847,72.7669776804479
"Votes in Your State","2026",86.7514023522798,82.5322534446716
"Votes Nationwide","2022",89.4646826267313,54.2665472752861
"Votes Nationwide","2024",90.7062020615609,60.6121738628941
"Votes Nationwide","2026",79.6444602893173,74.4626215707638
