"need","age4","website_pct","phone_pct","in_person_pct"
"Registering and Voting","18-34",43.9064006689209,24.9640165803171,26.7445720320444
"Registering and Voting","35-44",55.8561412981351,19.3908359316617,19.3095657909258
"Registering and Voting","45-64",57.8506377496749,16.5925888891928,21.1656514071418
"Registering and Voting","65+",47.5237547895545,27.2212312633992,20.1025425871568
"How Elections Are Run","18-34",44.3856426207625,21.2170154417831,28.3227985820076
"How Elections Are Run","35-44",55.0632217351812,17.7631413070517,25.6593852380648
"How Elections Are Run","45-64",55.6303206015986,16.9160834856365,23.1772879714344
"How Elections Are Run","65+",57.9970392692738,19.6334694617029,17.7350173815944
"Who Won an Election","18-34",40.4094919988823,24.8508361171362,28.276629559788
"Who Won an Election","35-44",49.6285428178443,25.3442992999846,20.4382151201609
"Who Won an Election","45-64",62.2115204729267,17.1213121254966,15.9710010843143
"Who Won an Election","65+",56.6417632586681,17.8185268507905,16.5405933023835
