"need","first_choice","followup","category","pct","ci_low","ci_high","n","n_first"
"Registering and Voting","Local Election Officials","2nd choice","State Election Officials",36.244489548354,30.0539915211301,42.4349875755779,343,640
"Registering and Voting","Local Election Officials","2nd choice","Online Search Engine",18.7694701979234,13.6564708848976,23.8824695109491,343,640
"Registering and Voting","Local Election Officials","2nd choice","News Media",11.5533221336177,7.51497624677925,15.5916680204562,343,640
"Registering and Voting","Local Election Officials","2nd choice","Friends and/or Family",11.5176418499146,7.61691108511451,15.4183726147147,343,640
"Registering and Voting","Local Election Officials","2nd choice","Candidate, Campaign, or Political Party",7.2870310508784,3.91648030073611,10.6575818010207,343,640
"Registering and Voting","Local Election Officials","2nd choice","Federal Election Website",7.01878004396825,3.90813281504828,10.1294272728882,343,640
"Registering and Voting","Local Election Officials","2nd choice","Advocacy Organization",3.22910949015816,1.28745553590501,5.17076344441132,343,640
"Registering and Voting","Local Election Officials","2nd choice","Social Media or Online Influencers",2.96281333476653,1.21823057033678,4.70739609919627,343,640
"Registering and Voting","Local Election Officials","2nd choice","AI-Enabled Chatbot",1.417342350419,0.393198715667967,2.44148598517004,343,640
"Registering and Voting","Local Election Officials","3rd choice","Federal Election Website",21.8303037447009,15.1526645873216,28.5079429020801,215,640
"Registering and Voting","Local Election Officials","3rd choice","Online Search Engine",18.5514229850043,12.419564380243,24.6832815897657,215,640
"Registering and Voting","Local Election Officials","3rd choice","Friends and/or Family",17.310356864453,10.8583302943359,23.7623834345701,215,640
"Registering and Voting","Local Election Officials","3rd choice","State Election Officials",12.4079515649122,7.42386434847275,17.3920387813516,215,640
"Registering and Voting","Local Election Officials","3rd choice","Candidate, Campaign, or Political Party",9.88719635966324,5.10885560081202,14.6655371185145,215,640
"Registering and Voting","Local Election Officials","3rd choice","News Media",9.03574495985898,4.75746421109509,13.3140257086229,215,640
"Registering and Voting","Local Election Officials","3rd choice","Social Media or Online Influencers",4.68403991924437,1.74155580116417,7.62652403732457,215,640
"Registering and Voting","Local Election Officials","3rd choice","AI-Enabled Chatbot",3.42659327675949,0.683583525571461,6.16960302794752,215,640
"Registering and Voting","Local Election Officials","3rd choice","Advocacy Organization",2.86639032540358,0.236406770540186,5.49637388026697,215,640
"Registering and Voting","Online Search Engine","2nd choice","Local Election Officials",21.1640239658835,15.7837712606856,26.5442766710815,306,652
"Registering and Voting","Online Search Engine","2nd choice","Friends and/or Family",20.9328687366911,15.1180987487981,26.7476387245842,306,652
"Registering and Voting","Online Search Engine","2nd choice","News Media",14.9902690001181,10.1738929216743,19.806645078562,306,652
"Registering and Voting","Online Search Engine","2nd choice","Federal Election Website",11.2433261606032,6.92931071807854,15.5573416031279,306,652
"Registering and Voting","Online Search Engine","2nd choice","State Election Officials",8.63055361878211,4.37108462533036,12.8900226122339,306,652
"Registering and Voting","Online Search Engine","2nd choice","Social Media or Online Influencers",7.74535018752124,4.70393458144751,10.786765793595,306,652
"Registering and Voting","Online Search Engine","2nd choice","AI-Enabled Chatbot",6.53094332853943,2.88370447403908,10.1781821830398,306,652
"Registering and Voting","Online Search Engine","2nd choice","Candidate, Campaign, or Political Party",5.44454933841564,2.33837610857414,8.55072256825713,306,652
"Registering and Voting","Online Search Engine","2nd choice","Advocacy Organization",3.31811566344566,1.28066058001647,5.35557074687484,306,652
"Registering and Voting","Online Search Engine","3rd choice","State Election Officials",24.590104419983,17.0822343402463,32.0979744997197,190,652
"Registering and Voting","Online Search Engine","3rd choice","Local Election Officials",15.3270905099305,9.16889649986859,21.4852845199924,190,652
"Registering and Voting","Online Search Engine","3rd choice","Friends and/or Family",14.9434479260225,9.02742734811739,20.8594685039276,190,652
"Registering and Voting","Online Search Engine","3rd choice","Federal Election Website",13.1434988795684,7.11356250342494,19.173435255712,190,652
"Registering and Voting","Online Search Engine","3rd choice","Advocacy Organization",8.4466876221472,3.43964713205937,13.453728112235,190,652
"Registering and Voting","Online Search Engine","3rd choice","News Media",8.03332195298238,4.10520243743968,11.9614414685251,190,652
"Registering and Voting","Online Search Engine","3rd choice","AI-Enabled Chatbot",7.78939708269628,2.9639712438508,12.6148229215418,190,652
"Registering and Voting","Online Search Engine","3rd choice","Candidate, Campaign, or Political Party",4.09334719006794,0.825935789726175,7.36075859040971,190,652
"Registering and Voting","Online Search Engine","3rd choice","Social Media or Online Influencers",3.63310441660176,0.377858709449198,6.88835012375431,190,652
"How Elections Are Run","Local Election Officials","2nd choice","State Election Officials",34.5003186180862,27.6775950221586,41.3230422140139,267,437
"How Elections Are Run","Local Election Officials","2nd choice","News Media",16.7890554540278,11.2548877434248,22.3232231646308,267,437
"How Elections Are Run","Local Election Officials","2nd choice","Federal Election Website",15.8059815474837,10.0127854166323,21.5991776783351,267,437
"How Elections Are Run","Local Election Officials","2nd choice","Online Search Engine",12.2219616728331,7.70323289356619,16.7406904521001,267,437
"How Elections Are Run","Local Election Officials","2nd choice","Friends and/or Family",9.16816603894684,5.43623071164231,12.9001013662514,267,437
"How Elections Are Run","Local Election Officials","2nd choice","Candidate, Campaign, or Political Party",4.87221067781698,2.05967491596231,7.68474643967166,267,437
"How Elections Are Run","Local Election Officials","2nd choice","Social Media or Online Influencers",3.07181749034812,0.00849716895769577,6.13513781173854,267,437
"How Elections Are Run","Local Election Officials","2nd choice","Advocacy Organization",2.75992306728506,0.702324249160059,4.81752188541007,267,437
"How Elections Are Run","Local Election Officials","2nd choice","AI-Enabled Chatbot",0.81056543317211,0.0439167911823831,1.57721407516184,267,437
"How Elections Are Run","Local Election Officials","3rd choice","Federal Election Website",21.9661897496397,14.6681235846027,29.2642559146768,170,437
"How Elections Are Run","Local Election Officials","3rd choice","Online Search Engine",17.9428346999784,9.9030530107512,25.9826163892057,170,437
"How Elections Are Run","Local Election Officials","3rd choice","State Election Officials",15.4460271972382,8.53366000659248,22.358394387884,170,437
"How Elections Are Run","Local Election Officials","3rd choice","News Media",14.7511371141615,8.77438804389368,20.7278861844293,170,437
"How Elections Are Run","Local Election Officials","3rd choice","Advocacy Organization",10.642174293863,4.62874443780701,16.655604149919,170,437
"How Elections Are Run","Local Election Officials","3rd choice","Candidate, Campaign, or Political Party",6.99526273597553,2.10005535086123,11.8904701210898,170,437
"How Elections Are Run","Local Election Officials","3rd choice","Friends and/or Family",5.93689140853662,2.25166036355686,9.62212245351638,170,437
"How Elections Are Run","Local Election Officials","3rd choice","Social Media or Online Influencers",4.04800496808095,1.16958598202191,6.92642395414,170,437
"How Elections Are Run","Local Election Officials","3rd choice","AI-Enabled Chatbot",2.27147783252595,-1.01341905827512,5.55637472332702,170,437
"How Elections Are Run","Online Search Engine","2nd choice","News Media",17.3944300392409,12.0155867022865,22.7732733761953,301,654
"How Elections Are Run","Online Search Engine","2nd choice","Friends and/or Family",15.3590260507892,10.5973785111224,20.1206735904561,301,654
"How Elections Are Run","Online Search Engine","2nd choice","Social Media or Online Influencers",13.3687320013132,8.61790976194381,18.1195542406826,301,654
"How Elections Are Run","Online Search Engine","2nd choice","Local Election Officials",13.2249224413094,8.46938328875349,17.9804615938654,301,654
"How Elections Are Run","Online Search Engine","2nd choice","Federal Election Website",12.3343686151567,7.78953756968479,16.8791996606285,301,654
"How Elections Are Run","Online Search Engine","2nd choice","AI-Enabled Chatbot",9.55014671399417,5.56214951601801,13.5381439119703,301,654
"How Elections Are Run","Online Search Engine","2nd choice","State Election Officials",9.2031071139596,5.46104651895113,12.9451677089681,301,654
"How Elections Are Run","Online Search Engine","2nd choice","Candidate, Campaign, or Political Party",5.41004102848839,2.45456493302053,8.36551712395625,301,654
"How Elections Are Run","Online Search Engine","2nd choice","Advocacy Organization",4.15522599574837,1.90862268853519,6.40182930296155,301,654
"How Elections Are Run","Online Search Engine","3rd choice","News Media",17.7018706833921,10.8865546270562,24.5171867397281,188,654
"How Elections Are Run","Online Search Engine","3rd choice","Friends and/or Family",17.2672218616642,10.8621284314342,23.6723152918942,188,654
"How Elections Are Run","Online Search Engine","3rd choice","State Election Officials",16.3598069204831,10.1216957146891,22.5979181262771,188,654
"How Elections Are Run","Online Search Engine","3rd choice","Local Election Officials",13.6358518282021,7.81822101249582,19.4534826439084,188,654
"How Elections Are Run","Online Search Engine","3rd choice","Federal Election Website",12.8322578182317,6.78518270440024,18.8793329320631,188,654
"How Elections Are Run","Online Search Engine","3rd choice","Social Media or Online Influencers",8.64466959926673,4.08011043053085,13.2092287680026,188,654
"How Elections Are Run","Online Search Engine","3rd choice","AI-Enabled Chatbot",5.33395385027618,1.10674907227242,9.56115862827995,188,654
"How Elections Are Run","Online Search Engine","3rd choice","Advocacy Organization",4.38148463486805,1.06342937490214,7.69953989483396,188,654
"How Elections Are Run","Online Search Engine","3rd choice","Candidate, Campaign, or Political Party",3.84288280361581,0.659470740324521,7.0262948669071,188,654
"Who Won an Election","Local Election Officials","2nd choice","News Media",32.9180191393361,24.423966332939,41.4120719457333,159,223
"Who Won an Election","Local Election Officials","2nd choice","State Election Officials",20.0847978818747,12.9899682463243,27.179627517425,159,223
"Who Won an Election","Local Election Officials","2nd choice","Federal Election Website",10.9672628547248,5.28074043926303,16.6537852701865,159,223
"Who Won an Election","Local Election Officials","2nd choice","Online Search Engine",8.68254443943866,4.09443419729971,13.2706546815776,159,223
"Who Won an Election","Local Election Officials","2nd choice","Candidate, Campaign, or Political Party",7.52620832118938,3.15746935060046,11.8949472917783,159,223
"Who Won an Election","Local Election Officials","2nd choice","Friends and/or Family",6.54503118611536,1.78688280574824,11.3031795664825,159,223
"Who Won an Election","Local Election Officials","2nd choice","Social Media or Online Influencers",5.39229710542349,1.52285243795583,9.26174177289115,159,223
"Who Won an Election","Local Election Officials","2nd choice","AI-Enabled Chatbot",4.50234584550634,1.26651179273331,7.73817989827936,159,223
"Who Won an Election","Local Election Officials","2nd choice","Advocacy Organization",3.38149322639113,-0.220175421799527,6.98316187458178,159,223
"Who Won an Election","Local Election Officials","3rd choice","News Media",18.3667882158284,10.277932079426,26.4556443522309,116,223
"Who Won an Election","Local Election Officials","3rd choice","State Election Officials",15.6803807939296,7.8800868932196,23.4806746946396,116,223
"Who Won an Election","Local Election Officials","3rd choice","Federal Election Website",12.3861271693421,5.91149851370116,18.8607558249831,116,223
"Who Won an Election","Local Election Officials","3rd choice","Online Search Engine",12.0972215300082,5.08712707847349,19.1073159815428,116,223
"Who Won an Election","Local Election Officials","3rd choice","Social Media or Online Influencers",10.8856686734373,4.41224062702593,17.3590967198488,116,223
"Who Won an Election","Local Election Officials","3rd choice","AI-Enabled Chatbot",10.3348212994864,4.18054620541006,16.4890963935628,116,223
"Who Won an Election","Local Election Officials","3rd choice","Candidate, Campaign, or Political Party",9.79446105275176,3.08471414128905,16.5042079642145,116,223
"Who Won an Election","Local Election Officials","3rd choice","Friends and/or Family",9.09138896373591,3.76425478624935,14.4185231412225,116,223
"Who Won an Election","Local Election Officials","3rd choice","Advocacy Organization",1.36314230148022,-0.544620664480489,3.27090526744092,116,223
"Who Won an Election","Online Search Engine","2nd choice","News Media",35.8912748432065,29.062560107583,42.7199895788299,285,540
"Who Won an Election","Online Search Engine","2nd choice","Social Media or Online Influencers",18.3160692163594,12.6105020739551,24.0216363587637,285,540
"Who Won an Election","Online Search Engine","2nd choice","Friends and/or Family",12.9738703602675,8.23937177378153,17.7083689467534,285,540
"Who Won an Election","Online Search Engine","2nd choice","State Election Officials",8.39128771637967,4.42939867111494,12.3531767616444,285,540
"Who Won an Election","Online Search Engine","2nd choice","Federal Election Website",8.02284197078129,3.99668466377478,12.0489992777878,285,540
"Who Won an Election","Online Search Engine","2nd choice","AI-Enabled Chatbot",7.19551499051672,3.31809249042316,11.0729374906103,285,540
"Who Won an Election","Online Search Engine","2nd choice","Local Election Officials",5.5462737166687,2.47067891208612,8.62186852125127,285,540
"Who Won an Election","Online Search Engine","2nd choice","Candidate, Campaign, or Political Party",2.23325197497296,0.0468247313762393,4.41967921856968,285,540
"Who Won an Election","Online Search Engine","2nd choice","Advocacy Organization",1.42961521084726,0.024244137427221,2.8349862842673,285,540
"Who Won an Election","Online Search Engine","3rd choice","Social Media or Online Influencers",23.5579163633398,15.6623997456877,31.453432980992,181,540
"Who Won an Election","Online Search Engine","3rd choice","Friends and/or Family",17.9216534623068,10.9708744512912,24.8724324733225,181,540
"Who Won an Election","Online Search Engine","3rd choice","News Media",15.2585628135628,9.31166648808247,21.2054591390432,181,540
"Who Won an Election","Online Search Engine","3rd choice","State Election Officials",9.9058024531119,4.78957717534212,15.0220277308817,181,540
"Who Won an Election","Online Search Engine","3rd choice","Candidate, Campaign, or Political Party",9.56998669138152,4.14113448831443,14.9988388944486,181,540
"Who Won an Election","Online Search Engine","3rd choice","Local Election Officials",8.86989383436271,3.95638101451693,13.7834066542085,181,540
"Who Won an Election","Online Search Engine","3rd choice","Federal Election Website",5.46738791633693,1.94788509952523,8.98689073314863,181,540
"Who Won an Election","Online Search Engine","3rd choice","Advocacy Organization",5.19363685778193,1.22384946778017,9.1634242477837,181,540
"Who Won an Election","Online Search Engine","3rd choice","AI-Enabled Chatbot",4.25515960781558,0.91060079940149,7.59971841622967,181,540
