"item_tag","item","Registering and Voting","How Elections Are Run","Who Won an Election"
"bluesky","Bluesky",3.56243107279687,1.5436982607314,2.13728605649661
"discord","Discord",11.6735107569254,11.5929149757288,6.96655082989077
"facebook","Facebook",64.0995608118158,65.0383989981,68.9597187813377
"instagram","Instagram",52.9889260339787,50.8047339401238,47.4428440845037
"linkedin","LinkedIn",13.3988772553247,12.8761721497398,7.92855664976212
"nextdoor","Nextdoor",6.29183664026109,5.52065553432412,4.59569959418724
"not_sure","Not Sure",1.99806044557091,0.264629959689785,0.164691956588077
"other","Other, Please Specify",0.694574162831935,0.35732814426115,0.871512310413389
"reddit","Reddit",17.068466841901,16.8402023764606,14.4682470393067
"snapchat","Snapchat",27.1541540904835,25.1817236639581,17.7944742752017
"threads","Threads",12.4982039390138,10.6254212092481,6.47907884551085
"tiktok","TikTok",50.5205170649382,46.0202063607728,42.6827840204589
"truth_social","Truth Social",8.25247067414938,5.18420628702254,4.94726403538238
"whatsapp","WhatsApp",18.2708979768212,14.8012450410093,9.75926562071806
"x_twitter","X",33.3730731391831,33.9843255681367,26.7598894240339
"youtube","YouTube",59.6982520088204,62.7984717135099,54.9710898362848
