"item_tag","item","n","selected_pct","ci_low","ci_high","ranked_pct"
"advocacy","Advocacy Organization",2813,5.23630703045151,4.32164462711775,6.3317438590166,1.80064951553861
"campaign","Candidate, Campaign, or Political Party",2813,9.00532860686042,7.78946947990393,10.3895879311289,3.01647424348834
"chatbot","AI-Enabled Chatbot",2813,8.53163660269665,7.40821180744045,9.80737921267792,3.78989998665538
"dont_know","Don't Know",2813,2.25321684002536,1.6834268972742,3.00995942317889,2.68428479869049e-10
"federal_site","Federal Election Website",2813,12.0235862954671,10.6395988001105,13.5602825176108,5.29813983803867
"friends_family","Friends and/or Family",2813,19.0017238460996,17.31379608913,20.8127880025553,7.09211294109134
"local_officials","Local Election Officials",2813,16.9659981949046,15.3778083082149,18.6820014663161,7.0660733675917
"news_media","News Media",2813,53.4225704366644,51.1634892051736,55.6676990673816,38.5977072904984
"other","Other, Please Specify",2813,0.807435445109476,0.503319560226332,1.29291652374978,2.68428479869049e-10
"search","Online Search Engine",2813,34.339697753551,32.2320046593691,36.5109606066579,17.4824591340168
"social","Social Media or Online Influencers",2813,20.6064661984224,18.8167840600543,22.5191503763023,8.34491709761805
"state_officials","State Election Officials",2813,13.9641391582221,12.5260305720859,15.5380281142525,4.8831076222547
