"base","battery","rank_base","battery_label","oob","net_universe"
"BPC2","src","BPC2a","Main election-news sources","none","All registered voters"
"BPC3","tvnet","BPC3a","National TV networks","no","Named national television at BPC2"
"BPC4","radio","BPC4a","Radio programming","no","Named radio at BPC2"
"BPC5","outlet",,"Print/online news outlets","no","Named local/state or national print-online outlets at BPC2"
"BPC6","social",,"Social media platforms","no","Named social media at BPC2"
"BPC10","bot",,"AI chatbots","no","Named an AI chatbot at BPC2"
"BPC11","reg_act","BPC11a","Registration info: sources used","other_arm","Seeks registration information (BPC1_1 not Never)"
"BPC12","reg_hyp","BPC12a","Registration info: sources would use","other_arm","Never seeks registration information"
"BPC15","reg_act_social",,"Registration info: platforms used","other_arm","Named social media at BPC11"
"BPC16","reg_hyp_social",,"Registration info: platforms would use","other_arm","Named social media at BPC12"
"BPC17","reg_act_bot",,"Registration info: chatbots used","other_arm","Named an AI chatbot at BPC11"
"BPC18","reg_hyp_bot",,"Registration info: chatbots would use","other_arm","Named an AI chatbot at BPC12"
"BPC19","run_act","BPC19a","Election administration info: sources used","other_arm","Seeks election-administration information"
"BPC20","run_hyp","BPC20a","Election administration info: sources would use","other_arm","Never seeks election-administration information"
"BPC23","run_act_social",,"Election administration info: platforms used","other_arm","Named social media at BPC19"
"BPC24","run_hyp_social",,"Election administration info: platforms would use","other_arm","Named social media at BPC20"
"BPC25","run_act_bot",,"Election administration info: chatbots used","other_arm","Named an AI chatbot at BPC19"
"BPC26","run_hyp_bot",,"Election administration info: chatbots would use","other_arm","Named an AI chatbot at BPC20"
"BPC27","won_act","BPC27a","Results info: sources used","other_arm","Seeks results information"
"BPC28","won_hyp","BPC28a","Results info: sources would use","other_arm","Never seeks results information"
"BPC31","won_act_social",,"Results info: platforms used","other_arm","Named social media at BPC27"
"BPC32","won_hyp_social",,"Results info: platforms would use","other_arm","Named social media at BPC28"
"BPC33","won_act_bot",,"Results info: chatbots used","other_arm","Named an AI chatbot at BPC27"
"BPC34","won_hyp_bot",,"Results info: chatbots would use","other_arm","Named an AI chatbot at BPC28"
